date,symbol,category,market_cap,volume_30d,turnover_ratio,volatility_30d,demand_metric,demand_per_mcap,demand_metric_incl_l2,demand_per_mcap_incl_l2,demand_source,market_cap_source,status
2021-01-01,ETH,Layer1,157421121397.11,1181644236261.0,7.5063,1.5738,325084493.0,0.00206506,325084493.0,0.00206506,defillama_fees,coincodex,active
2021-01-01,SOL,Layer1,1106947670.61,1997602187.0,1.8046,2.0986,23136.0,2.09e-05,,,defillama_fees,coincodex,active
2021-01-01,USDT,Stablecoin,26162355430.0,3437396409719.0,131.3871,0.0217,26162355430.0,1.0,,,defillama_stablecoin,defillama_stablecoin,active
2021-01-01,USDC,Stablecoin,5910175945.0,54942959485.0,9.2963,0.0108,5910175945.0,1.0,,,defillama_stablecoin,defillama_stablecoin,active
2021-01-01,UNI,DeFi,3560218772.64,91741724593.0,25.7686,1.9401,79078214.0,0.02221162,,,defillama_fees,coincodex,active
2021-01-01,AAVE,DeFi,3860094864.11,19583110676.0,5.0732,1.7132,1262890.0,0.00032717,,,defillama_fees,coincodex,active
2021-01-01,LINK,Oracle,9545360061.56,102954586869.0,10.7858,1.7937,,,,,missing,coincodex,active
2021-01-01,DOGE,Meme,3608919582.89,69176619504.0,19.1682,6.241,1000.0,2.8e-07,,,floor,coincodex,active
2021-01-01,LUNA,淘汰対照群,690994703.41,1700911485.0,2.4615,2.0215,,,,,missing,coincodex,active
2021-01-01,FTT,淘汰対照群,1086134441.17,1111196614.0,1.0231,1.4158,1000.0,9.2e-07,,,floor,coincodex,active
2021-01-01,AXS,淘汰対照群,50634653.79,280552333.0,5.5407,1.3477,37408.0,0.00073878,,,defillama_fees,coincodex,active
2021-02-01,ETH,Layer1,167759072385.74,1007718046121.0,6.0069,1.0224,718749671.0,0.00428442,718749671.0,0.00428442,defillama_fees,coincodex,active
2021-02-01,SOL,Layer1,3457025379.66,4848510932.0,1.4025,2.0547,117313.0,3.393e-05,,,defillama_fees,coincodex,active
2021-02-01,USDT,Stablecoin,35062355430.0,3714292734446.0,105.9339,0.011,35062355430.0,1.0,,,defillama_stablecoin,defillama_stablecoin,active
2021-02-01,USDC,Stablecoin,9031079353.0,60486706087.0,6.6976,0.004,9031079353.0,1.0,,,defillama_stablecoin,defillama_stablecoin,active
2021-02-01,UNI,DeFi,4275163903.28,38057631753.0,8.902,1.7388,96802147.0,0.02264291,,,defillama_fees,coincodex,active
2021-02-01,AAVE,DeFi,4136938549.98,28923411540.0,6.9915,1.4927,4957148.0,0.00119826,,,defillama_fees,coincodex,active
2021-02-01,LINK,Oracle,10738488476.22,258415848760.0,24.0645,1.3036,,,,,missing,coincodex,active
2021-02-01,DOGE,Meme,6486776290.91,134644162344.0,20.7567,2.5368,1000.0,1.5e-07,,,floor,coincodex,active
2021-02-01,LUNA,淘汰対照群,2438214826.51,9613196626.0,3.9427,3.056,,,,,missing,coincodex,active
2021-02-01,FTT,淘汰対照群,2585183927.0,2340667888.0,0.9054,1.6609,1000.0,3.9e-07,,,floor,coincodex,active
2021-02-01,AXS,淘汰対照群,94960825.93,476409254.0,5.0169,2.2216,66048.0,0.00069553,,,defillama_fees,coincodex,active
2021-03-01,ETH,Layer1,212467264669.84,730832219123.0,3.4397,0.8178,647544995.0,0.00304774,647544995.0,0.00304774,defillama_fees,coincodex,active
2021-03-01,SOL,Layer1,5122588771.5,4765318582.0,0.9303,1.1971,174712.0,3.411e-05,,,defillama_fees,coincodex,active
2021-03-01,USDT,Stablecoin,42210478983.0,2768530162619.0,65.5887,0.0147,42210478983.0,1.0,,,defillama_stablecoin,defillama_stablecoin,active
2021-03-01,USDC,Stablecoin,10828130503.0,49639609600.0,4.5843,0.0129,10828130503.0,1.0,,,defillama_stablecoin,defillama_stablecoin,active
2021-03-01,UNI,DeFi,5218016507.55,26257062249.0,5.032,1.1998,96835167.0,0.01855785,,,defillama_fees,coincodex,active
2021-03-01,AAVE,DeFi,4706171623.03,11394598662.0,2.4212,0.9096,5197591.0,0.00110442,,,defillama_fees,coincodex,active
2021-03-01,LINK,Oracle,11594186325.72,45341087623.0,3.9107,0.9743,,,,,missing,coincodex,active
2021-03-01,DOGE,Meme,7096749037.59,38710898712.0,5.4547,0.9021,1000.0,1.4e-07,,,floor,coincodex,active
2021-03-01,LUNA,淘汰対照群,7290901951.13,16335193374.0,2.2405,1.8474,,,,,missing,coincodex,active
2021-03-01,FTT,淘汰対照群,3781426076.64,2315324027.0,0.6123,1.0607,1000.0,2.6e-07,,,floor,coincodex,active
2021-03-01,AXS,淘汰対照群,379964491.41,1649785164.0,4.3419,2.3713,230736.0,0.00060726,,,defillama_fees,coincodex,active
2021-04-01,ETH,Layer1,319616790232.2,995334204881.0,3.1141,0.8421,711793295.0,0.00222702,711793295.0,0.00222702,defillama_fees,coincodex,active
2021-04-01,SOL,Layer1,11492049551.4,19636381495.0,1.7087,1.4783,388067.0,3.377e-05,,,defillama_fees,coincodex,active
2021-04-01,USDT,Stablecoin,51910478984.0,3998238141683.0,77.0218,0.0563,51910478984.0,1.0,,,defillama_stablecoin,defillama_stablecoin,active
2021-04-01,USDC,Stablecoin,14005444843.0,59773913981.0,4.2679,0.0548,14005444843.0,1.0,,,defillama_stablecoin,defillama_stablecoin,active
2021-04-01,UNI,DeFi,21511092428.4,29615614083.0,1.3768,1.2341,126339590.0,0.00587323,,,defillama_fees,coincodex,active
2021-04-01,AAVE,DeFi,5482377074.46,16867780005.0,3.0767,1.2617,7942539.0,0.00144874,,,defillama_fees,coincodex,active
2021-04-01,LINK,Oracle,15298038889.56,63903536912.0,4.1772,1.2587,,,,,missing,coincodex,active
2021-04-01,DOGE,Meme,39767187247.52,351156872866.0,8.8303,3.6243,1000.0,3e-08,,,floor,coincodex,active
2021-04-01,LUNA,淘汰対照群,6370213793.45,12434764283.0,1.952,1.0412,,,,,missing,coincodex,active
2021-04-01,FTT,淘汰対照群,4950384886.26,5861198615.0,1.184,0.7968,1000.0,2e-07,,,floor,coincodex,active
2021-04-01,AXS,淘汰対照群,629337060.0,3719380115.0,5.91,2.434,2092979.0,0.00332569,,,defillama_fees,coincodex,active
2021-05-01,ETH,Layer1,277556224730.4,1510329786014.0,5.4415,2.0109,1030634809.0,0.00371325,1030634809.0,0.00371325,defillama_fees,coincodex,active
2021-05-01,SOL,Layer1,7791977692.24,31090298933.0,3.99,2.7316,497089.0,6.379e-05,,,defillama_fees,coincodex,active
2021-05-01,USDT,Stablecoin,62910478984.0,4807640078697.0,76.4203,0.0068,62910478984.0,1.0,,,defillama_stablecoin,defillama_stablecoin,active
2021-05-01,USDC,Stablecoin,22016650629.0,100245805071.0,4.5532,0.0052,22016650629.0,1.0,,,defillama_stablecoin,defillama_stablecoin,active
2021-05-01,UNI,DeFi,14538705880.0,34624930497.0,2.3816,2.4906,251294706.0,0.01728453,,,defillama_fees,coincodex,active
2021-05-01,AAVE,DeFi,4149189028.35,32261390902.0,7.7753,2.5768,27457385.0,0.00661753,,,defillama_fees,coincodex,active
2021-05-01,LINK,Oracle,11519446238.28,90944550405.0,7.8949,2.7356,,,,,missing,coincodex,active
2021-05-01,DOGE,Meme,39087719683.37,414762218700.0,10.6111,2.7927,1000.0,3e-08,,,floor,coincodex,active
2021-05-01,SHIB,Meme,3907320831.03,88385151036.0,22.6204,7.3921,1000.0,2.6e-07,,,floor,coincodex,active
2021-05-01,LUNA,淘汰対照群,2535401901.57,17205708280.0,6.7862,3.2692,,,,,missing,coincodex,active
2021-05-01,FTT,淘汰対照群,2963437950.78,5726469220.0,1.9324,1.8784,1000.0,3.4e-07,,,floor,coincodex,active
2021-05-01,AXS,淘汰対照群,271772820.0,1408562524.0,5.1829,2.5225,32097544.0,0.11810432,,,defillama_fees,coincodex,active
2021-06-01,ETH,Layer1,252246223926.41,813523116983.0,3.2251,1.0768,165220335.0,0.000655,165220335.0,0.000655,defillama_fees,coincodex,active
2021-06-01,SOL,Layer1,9231138969.47,21093645183.0,2.2851,1.6089,386622.0,4.188e-05,,,defillama_fees,coincodex,active
2021-06-01,USDT,Stablecoin,62905955597.0,2087808439355.0,33.1894,0.0123,62905955597.0,1.0,,,defillama_stablecoin,defillama_stablecoin,active
2021-06-01,USDC,Stablecoin,24381470184.0,66595724209.0,2.7314,0.0109,24381470184.0,1.0,,,defillama_stablecoin,defillama_stablecoin,active
2021-06-01,UNI,DeFi,10682305531.47,13108950400.0,1.2272,1.4263,109609049.0,0.0102608,,,defillama_fees,coincodex,active
2021-06-01,AAVE,DeFi,3035037913.91,9679454351.0,3.1892,1.4763,15629836.0,0.0051498,,,defillama_fees,coincodex,active
2021-06-01,LINK,Oracle,8472143966.66,39200881710.0,4.627,1.4634,,,,,missing,coincodex,active
2021-06-01,DOGE,Meme,34274497994.5,100113990064.0,2.9209,2.0935,1000.0,3e-08,,,floor,coincodex,active
2021-06-01,SHIB,Meme,4467885724.32,19429129387.0,4.3486,2.0097,1000.0,2.2e-07,,,floor,coincodex,active
2021-06-01,LUNA,淘汰対照群,2515310669.52,6210005006.0,2.4689,1.5289,,,,,missing,coincodex,active
2021-06-01,FTT,淘汰対照群,2539820109.36,2496427462.0,0.9829,1.1087,1000.0,3.9e-07,,,floor,coincodex,active
2021-06-01,AXS,淘汰対照群,275233698.86,755466408.0,2.7448,1.7654,18310328.0,0.06652648,,,defillama_fees,coincodex,active
2021-07-01,ETH,Layer1,289244511398.85,591738936958.0,2.0458,0.7964,199930612.0,0.00069122,199930612.0,0.00069122,defillama_fees,coincodex,active
2021-07-01,SOL,Layer1,8836179041.48,11907534842.0,1.3476,1.1482,353418.0,4e-05,,,defillama_fees,coincodex,active
2021-07-01,USDT,Stablecoin,62903925765.0,1522709290262.0,24.2069,0.0074,62903925765.0,1.0,,,defillama_stablecoin,defillama_stablecoin,active
2021-07-01,USDC,Stablecoin,26536204254.0,66086824740.0,2.4904,0.0064,26536204254.0,1.0,,,defillama_stablecoin,defillama_stablecoin,active
2021-07-01,UNI,DeFi,12323006655.2,12768607054.0,1.0362,1.0342,86267868.0,0.00700055,,,defillama_fees,coincodex,active
2021-07-01,AAVE,DeFi,4158443993.63,12729496905.0,3.0611,1.0966,15876299.0,0.00381785,,,defillama_fees,coincodex,active
2021-07-01,LINK,Oracle,9887973245.28,25893029751.0,2.6186,1.0229,,,,,missing,coincodex,active
2021-07-01,DOGE,Meme,27079517150.2,52083116246.0,1.9233,0.7906,1000.0,4e-08,,,floor,coincodex,active
2021-07-01,SHIB,Meme,2473704691.89,10521980300.0,4.2535,1.3652,1000.0,4e-07,,,floor,coincodex,active
2021-07-01,LUNA,淘汰対照群,4513488468.32,8276244924.0,1.8337,1.3786,,,,,missing,coincodex,active
2021-07-01,FTT,淘汰対照群,3301200060.42,2661806381.0,0.8063,0.898,1000.0,3e-07,,,floor,coincodex,active
2021-07-01,AXS,淘汰対照群,2595340440.0,53239251276.0,20.5134,3.0957,209309866.0,0.08064833,,,defillama_fees,coincodex,active
2021-08-01,ETH,Layer1,378855646065.04,703006251884.0,1.8556,0.7836,688549122.0,0.00181744,688588414.0,0.00181755,defillama_fees,coincodex,active
2021-08-01,SOL,Layer1,32091509945.51,55557743675.0,1.7312,1.3324,1201176.0,3.743e-05,,,defillama_fees,coincodex,active
2021-08-01,USDT,Stablecoin,65866273216.0,2283189000407.0,34.664,0.0066,65866273216.0,1.0,,,defillama_stablecoin,defillama_stablecoin,active
2021-08-01,USDC,Stablecoin,26173617717.0,85569769249.0,3.2693,0.0059,26173617717.0,1.0,,,defillama_stablecoin,defillama_stablecoin,active
2021-08-01,UNI,DeFi,16416760501.94,15679826476.0,0.9551,0.9681,112651142.0,0.00686196,,,defillama_fees,coincodex,active
2021-08-01,AAVE,DeFi,4707588404.52,12646079201.0,2.6863,0.9754,30527235.0,0.00648469,,,defillama_fees,coincodex,active
2021-08-01,LINK,Oracle,11239652056.68,41130773095.0,3.6594,0.934,,,,,missing,coincodex,active
2021-08-01,DOGE,Meme,35662053663.33,105862617136.0,2.9685,1.3105,1000.0,3e-08,,,floor,coincodex,active
2021-08-01,SHIB,Meme,2638273280.74,12697345695.0,4.8127,1.5556,1000.0,3.8e-07,,,floor,coincodex,active
2021-08-01,LUNA,淘汰対照群,13347717372.42,31278057488.0,2.3433,1.6315,,,,,missing,coincodex,active
2021-08-01,FTT,淘汰対照群,4370990782.49,9038831814.0,2.0679,0.9355,1000.0,2.3e-07,,,floor,coincodex,active
2021-08-01,AXS,淘汰対照群,4373808575.4,39069518648.0,8.9326,1.6381,372710966.0,0.08521428,,,defillama_fees,coincodex,active
2021-09-01,ETH,Layer1,336127073813.22,653984909752.0,1.9456,1.0877,1071239617.0,0.00318701,1075799078.0,0.00320057,defillama_fees,coincodex,active
2021-09-01,SOL,Layer1,40253214665.65,158253964986.0,3.9315,1.5067,3984762.0,9.899e-05,,,defillama_fees,coincodex,active
2021-09-01,USDT,Stablecoin,69854866948.0,2518515510823.0,36.0535,0.0084,69854866948.0,1.0,,,defillama_stablecoin,defillama_stablecoin,active
2021-09-01,USDC,Stablecoin,28906272123.0,99555252433.0,3.4441,0.0088,28906272123.0,1.0,,,defillama_stablecoin,defillama_stablecoin,active
2021-09-01,UNI,DeFi,14091415099.75,19768270084.0,1.4029,1.4877,125432554.0,0.00890135,,,defillama_fees,coincodex,active
2021-09-01,AAVE,DeFi,3497366875.75,11666293389.0,3.3357,1.3622,39370428.0,0.01125716,,,defillama_fees,coincodex,active
2021-09-01,LINK,Oracle,10411892622.27,50315348894.0,4.8325,1.5489,,,,,missing,coincodex,active
2021-09-01,DOGE,Meme,26202287708.43,53499067956.0,2.0418,1.0468,1000.0,4e-08,,,floor,coincodex,active
2021-09-01,SHIB,Meme,2768074172.81,13667826967.0,4.9377,1.6401,1000.0,3.6e-07,,,floor,coincodex,active
2021-09-01,LUNA,淘汰対照群,13635222098.4,44361908258.0,3.2535,2.1821,,,,,missing,coincodex,active
2021-09-01,FTT,淘汰対照群,6019459046.81,36684780695.0,6.0944,1.6309,1000.0,1.7e-07,,,floor,coincodex,active
2021-09-01,AXS,淘汰対照群,4168845073.8,17765414901.0,4.2615,1.4576,218076013.0,0.05231089,,,defillama_fees,coincodex,active
2021-10-01,ETH,Layer1,511304442061.49,574798465423.0,1.1242,0.685,1365299272.0,0.00267023,1369506799.0,0.00267846,defillama_fees,coincodex,active
2021-10-01,SOL,Layer1,58799473273.57,95049599341.0,1.6165,0.9761,5952805.0,0.00010124,,,defillama_fees,coincodex,active
2021-10-01,USDT,Stablecoin,69827036482.0,2409351307956.0,34.5046,0.0094,69827036482.0,1.0,,,defillama_stablecoin,defillama_stablecoin,active
2021-10-01,USDC,Stablecoin,30191297571.0,105845355818.0,3.5058,0.0083,30191297571.0,1.0,,,defillama_stablecoin,defillama_stablecoin,active
2021-10-01,UNI,DeFi,15628242254.98,12435781805.0,0.7957,0.7161,139749899.0,0.00894214,,,defillama_fees,coincodex,active
2021-10-01,AAVE,DeFi,4210358060.41,10911886159.0,2.5917,0.6509,50194869.0,0.01192176,,,defillama_fees,coincodex,active
2021-10-01,LINK,Oracle,13769771507.68,35478197574.0,2.5765,0.8807,,,,,missing,coincodex,active
2021-10-01,DOGE,Meme,35390792268.71,99274048636.0,2.8051,1.1584,1000.0,3e-08,,,floor,coincodex,active
2021-10-01,SHIB,Meme,35627844682.22,250155695115.0,7.0214,3.2227,1000.0,3e-08,,,floor,coincodex,active
2021-10-01,LUNA,淘汰対照群,17311677475.02,34274496136.0,1.9798,1.0811,,,,,missing,coincodex,active
2021-10-01,FTT,淘汰対照群,7159358643.1,11380325669.0,1.5896,0.6612,1000.0,1.4e-07,,,floor,coincodex,active
2021-10-01,AXS,淘汰対照群,8815835384.58,38550712463.0,4.3729,1.8463,206724214.0,0.02344919,,,defillama_fees,coincodex,active
2021-11-01,ETH,Layer1,527318929735.56,573546775953.0,1.0877,0.7121,1833733026.0,0.00347746,1840179109.0,0.00348969,defillama_fees,coincodex,active
2021-11-01,SOL,Layer1,62187774839.13,88928013588.0,1.43,1.0151,8041135.0,0.0001293,,,defillama_fees,coincodex,active
2021-11-01,USDT,Stablecoin,74825304935.0,2507879034637.0,33.5165,0.0118,74825304935.0,1.0,,,defillama_stablecoin,defillama_stablecoin,active
2021-11-01,USDC,Stablecoin,34695791834.0,143635172663.0,4.1398,0.0134,34695791834.0,1.0,,,defillama_stablecoin,defillama_stablecoin,active
2021-11-01,UNI,DeFi,12749702884.62,9092122284.0,0.7131,0.7596,190912705.0,0.01497389,,,defillama_fees,coincodex,active
2021-11-01,AAVE,DeFi,3348782806.5,9172426863.0,2.739,0.7357,30983754.0,0.00925224,,,defillama_fees,coincodex,active
2021-11-01,LINK,Oracle,11685466811.33,33415599623.0,2.8596,0.8316,,,,,missing,coincodex,active
2021-11-01,DOGE,Meme,28493273036.74,51443079613.0,1.8054,0.6606,1000.0,4e-08,,,floor,coincodex,active
2021-11-01,SHIB,Meme,24948107592.37,129727575943.0,5.1999,1.7978,1000.0,4e-08,,,floor,coincodex,active
2021-11-01,LUNA,淘汰対照群,20247972605.96,29372971919.0,1.4507,1.1536,,,,,missing,coincodex,active
2021-11-01,FTT,淘汰対照群,7220836552.44,7289045333.0,1.0094,0.6824,1000.0,1.4e-07,,,floor,coincodex,active
2021-11-01,AXS,淘汰対照群,8075167610.49,18457752171.0,2.2857,0.768,230542017.0,0.0285495,,,defillama_fees,coincodex,active
2021-12-01,ETH,Layer1,442746951332.14,621042023890.0,1.4027,0.6911,1151879666.0,0.00260167,1158406674.0,0.00261641,defillama_fees,coincodex,active
2021-12-01,SOL,Layer1,53402995967.89,77988400810.0,1.4604,1.048,6900204.0,0.00012921,,,defillama_fees,coincodex,active
2021-12-01,USDT,Stablecoin,79326554298.0,2119059424241.0,26.7131,0.0157,79326554298.0,1.0,,,defillama_stablecoin,defillama_stablecoin,active
2021-12-01,USDC,Stablecoin,38019686686.0,138814728838.0,3.6511,0.0172,38019686686.0,1.0,,,defillama_stablecoin,defillama_stablecoin,active
2021-12-01,UNI,DeFi,11165817209.93,10293087940.0,0.9218,1.2957,160832664.0,0.01440402,,,defillama_fees,coincodex,active
2021-12-01,AAVE,DeFi,3536199947.33,11108914782.0,3.1415,1.3909,23056501.0,0.00652013,,,defillama_fees,coincodex,active
2021-12-01,LINK,Oracle,9315205989.08,31289418861.0,3.359,1.2663,,,,,missing,coincodex,active
2021-12-01,DOGE,Meme,22736681758.92,41345562838.0,1.8185,0.8694,1000.0,4e-08,,,floor,coincodex,active
2021-12-01,SHIB,Meme,18562472063.99,50163860761.0,2.7024,1.0249,1000.0,5e-08,,,floor,coincodex,active
2021-12-01,LUNA,淘汰対照群,30535775366.9,88873150863.0,2.9105,1.414,,,,,missing,coincodex,active
2021-12-01,FTT,淘汰対照群,5396729064.69,4553486445.0,0.8437,0.7201,1000.0,1.9e-07,,,floor,coincodex,active
2021-12-01,AXS,淘汰対照群,5698704072.6,11043066450.0,1.9378,0.9435,74497425.0,0.0130727,,,defillama_fees,coincodex,active
2022-01-01,ETH,Layer1,311046649889.09,491108556504.0,1.5789,0.838,1341507013.0,0.00431288,1349195707.0,0.0043376,defillama_fees,coincodex,active
2022-01-01,SOL,Layer1,29405225255.74,64340292338.0,2.1881,1.1029,4626541.0,0.00015734,,,defillama_fees,coincodex,active
2022-01-01,USDT,Stablecoin,78062781790.0,1810821329496.0,23.197,0.0032,78062781790.0,1.0,,,defillama_stablecoin,defillama_stablecoin,active
2022-01-01,USDC,Stablecoin,49918615204.0,126484498244.0,2.5338,0.0096,49918615204.0,1.0,,,defillama_stablecoin,defillama_stablecoin,active
2022-01-01,UNI,DeFi,6776130334.18,9074986360.0,1.3393,1.0671,136929172.0,0.02020758,,,defillama_fees,coincodex,active
2022-01-01,AAVE,DeFi,2010040422.56,10343387558.0,5.1459,1.1402,19438852.0,0.00967088,,,defillama_fees,coincodex,active
2022-01-01,LINK,Oracle,8299226713.05,51983877750.0,6.2637,1.0955,,,,,missing,coincodex,active
2022-01-01,DOGE,Meme,18499036575.74,33515229253.0,1.8117,0.7765,1000.0,5e-08,,,floor,coincodex,active
2022-01-01,SHIB,Meme,11583934577.28,30899524061.0,2.6674,0.9861,1000.0,9e-08,,,floor,coincodex,active
2022-01-01,LUNA,淘汰対照群,18573930560.23,73077819501.0,3.9344,1.4434,,,,,missing,coincodex,active
2022-01-01,FTT,淘汰対照群,5676736730.96,7474350007.0,1.3167,1.0923,1000.0,1.8e-07,,,floor,coincodex,active
2022-01-01,AXS,淘汰対照群,3202407727.2,9856903219.0,3.078,1.2053,19831261.0,0.00619261,,,defillama_fees,coincodex,active
2022-02-01,ETH,Layer1,315654868960.04,416163449938.0,1.3184,0.9004,718350335.0,0.00227575,722881105.0,0.0022901,defillama_fees,coincodex,active
2022-02-01,SOL,Layer1,27402610894.69,66218090005.0,2.4165,1.1687,3390754.0,0.00012374,,,defillama_fees,coincodex,active
2022-02-01,USDT,Stablecoin,79537958060.0,1587829928078.0,19.9632,0.0023,79537958060.0,1.0,,,defillama_stablecoin,defillama_stablecoin,active
2022-02-01,USDC,Stablecoin,53458489275.0,108285072232.0,2.0256,0.0096,53458489275.0,1.0,,,defillama_stablecoin,defillama_stablecoin,active
2022-02-01,UNI,DeFi,6710075875.23,7021059380.0,1.0463,0.9865,87350314.0,0.01301778,,,defillama_fees,coincodex,active
2022-02-01,AAVE,DeFi,1792330247.92,5033433156.0,2.8083,1.0803,13770603.0,0.00768307,,,defillama_fees,coincodex,active
2022-02-01,LINK,Oracle,6370906868.96,21071169115.0,3.3074,1.0262,,,,,missing,coincodex,active
2022-02-01,DOGE,Meme,16385442342.49,22443865574.0,1.3697,0.7772,1000.0,6e-08,,,floor,coincodex,active
2022-02-01,SHIB,Meme,12861992370.48,48391817657.0,3.7624,1.3594,1000.0,8e-08,,,floor,coincodex,active
2022-02-01,LUNA,淘汰対照群,27336867328.66,58493818216.0,2.1397,1.3554,,,,,missing,coincodex,active
2022-02-01,FTT,淘汰対照群,5735588471.0,4198602976.0,0.732,0.7584,1000.0,1.7e-07,,,floor,coincodex,active
2022-02-01,AXS,淘汰対照群,2879913158.29,13659828963.0,4.7431,1.3506,8979945.0,0.00311813,,,defillama_fees,coincodex,active
2022-03-01,ETH,Layer1,407092436295.2,436852450559.0,1.0731,0.6107,424277355.0,0.00104221,427284341.0,0.0010496,defillama_fees,coincodex,active
2022-03-01,SOL,Layer1,39125737006.61,70610214701.0,1.8047,0.7976,3594715.0,9.188e-05,,,defillama_fees,coincodex,active
2022-03-01,USDT,Stablecoin,82044965080.0,1931167889923.0,23.5379,0.0029,82044965080.0,1.0,,,defillama_stablecoin,defillama_stablecoin,active
2022-03-01,USDC,Stablecoin,51709881549.0,121684714786.0,2.3532,0.0085,51709881549.0,1.0,,,defillama_stablecoin,defillama_stablecoin,active
2022-03-01,UNI,DeFi,8070816623.04,7413441330.0,0.9185,0.7923,89437726.0,0.01108162,,,defillama_fees,coincodex,active
2022-03-01,AAVE,DeFi,3052225414.02,10143930591.0,3.3235,1.331,14560520.0,0.00477046,,,defillama_fees,coincodex,active
2022-03-01,LINK,Oracle,8033414947.04,20536185696.0,2.5563,0.7316,,,,,missing,coincodex,active
2022-03-01,DOGE,Meme,18993062313.89,21546128286.0,1.1344,0.6143,1000.0,5e-08,,,floor,coincodex,active
2022-03-01,SHIB,Meme,15059441093.7,33661642846.0,2.2353,0.7361,1000.0,7e-08,,,floor,coincodex,active
2022-03-01,LUNA,淘汰対照群,37715295152.98,91816225755.0,2.4345,1.1535,,,,,missing,coincodex,active
2022-03-01,FTT,淘汰対照群,7024530771.39,3794587367.0,0.5402,0.6403,1000.0,1.4e-07,,,floor,coincodex,active
2022-03-01,AXS,淘汰対照群,3913091452.35,14591420204.0,3.7289,1.0503,2949797.0,0.00075383,,,defillama_fees,coincodex,active
2022-04-01,ETH,Layer1,340139118944.52,493826441956.0,1.4518,0.6038,511641112.0,0.00150421,515621058.0,0.00151591,defillama_fees,coincodex,active
2022-04-01,SOL,Layer1,31393963013.28,54892178111.0,1.7485,0.9518,3450820.0,0.00010992,,,defillama_fees,coincodex,active
2022-04-01,USDT,Stablecoin,83424696945.0,1870190579052.0,22.4177,0.0019,83424696945.0,1.0,,,defillama_stablecoin,defillama_stablecoin,active
2022-04-01,USDC,Stablecoin,49179894108.0,114780310827.0,2.3339,0.0073,49179894108.0,1.0,,,defillama_stablecoin,defillama_stablecoin,active
2022-04-01,UNI,DeFi,5276515223.02,6286200419.0,1.1914,0.8926,88612771.0,0.01679381,,,defillama_fees,coincodex,active
2022-04-01,AAVE,DeFi,2153718564.85,10221675694.0,4.7461,1.2805,20598672.0,0.00956424,,,defillama_fees,coincodex,active
2022-04-01,LINK,Oracle,5619775333.33,14228215578.0,2.5318,0.7566,,,,,missing,coincodex,active
2022-04-01,DOGE,Meme,17904630811.3,46860312737.0,2.6172,1.3042,1000.0,6e-08,,,floor,coincodex,active
2022-04-01,SHIB,Meme,12185722828.42,26711390098.0,2.192,1.1028,1000.0,8e-08,,,floor,coincodex,active
2022-04-01,LUNA,淘汰対照群,29416518176.1,65384198443.0,2.2227,1.1461,,,,,missing,coincodex,active
2022-04-01,FTT,淘汰対照群,5309240868.36,3731404292.0,0.7028,0.6449,1000.0,1.9e-07,,,floor,coincodex,active
2022-04-01,AXS,淘汰対照群,2091039077.51,10998391618.0,5.2598,1.0276,1399144.0,0.00066911,,,defillama_fees,coincodex,active
2022-05-01,ETH,Layer1,242950552490.33,636271175493.0,2.6189,1.0006,561318992.0,0.00231042,566952568.0,0.00233361,defillama_fees,coincodex,active
2022-05-01,SOL,Layer1,16021085774.57,59438120663.0,3.71,1.6829,1866825.0,0.00011652,,,defillama_fees,coincodex,active
2022-05-01,USDT,Stablecoin,72564891346.0,2164589786724.0,29.8297,0.0155,72564891346.0,1.0,,,defillama_stablecoin,defillama_stablecoin,active
2022-05-01,USDC,Stablecoin,53965998316.0,190251976980.0,3.5254,0.0065,53965998316.0,1.0,,,defillama_stablecoin,defillama_stablecoin,active
2022-05-01,UNI,DeFi,4058056369.69,6660042202.0,1.6412,1.536,89112889.0,0.0219595,,,defillama_fees,coincodex,active
2022-05-01,AAVE,DeFi,1627933697.26,7470142495.0,4.5887,1.8129,14870835.0,0.00913479,,,defillama_fees,coincodex,active
2022-05-01,LINK,Oracle,3481236103.03,15226758345.0,4.374,1.4531,,,,,missing,coincodex,active
2022-05-01,DOGE,Meme,11666382242.95,27262573514.0,2.3368,1.2277,1000.0,9e-08,,,floor,coincodex,active
2022-05-01,SHIB,Meme,6683157493.22,20500474915.0,3.0675,1.848,1000.0,1.5e-07,,,floor,coincodex,active
2022-05-01,LUNA,淘汰対照群,828287198.37,91046009921.0,109.9208,24.8636,1000.0,1.21e-06,,,floor,coincodex,defunct
2022-05-01,FTT,淘汰対照群,3972404718.27,3025547700.0,0.7616,0.8916,1000.0,2.5e-07,,,floor,coincodex,active
2022-05-01,AXS,淘汰対照群,1461073473.0,11125487968.0,7.6146,1.8361,804512.0,0.00055063,,,defillama_fees,coincodex,active
2022-06-01,ETH,Layer1,133954598253.06,562032668964.0,4.1957,1.1846,205038252.0,0.00153065,209852655.0,0.0015666,defillama_fees,coincodex,active
2022-06-01,SOL,Layer1,11681191523.19,47456191626.0,4.0626,1.4143,1176892.0,0.00010075,,,defillama_fees,coincodex,active
2022-06-01,USDT,Stablecoin,66352543726.0,1568927670712.0,23.6453,0.0036,66352543726.0,1.0,,,defillama_stablecoin,defillama_stablecoin,active
2022-06-01,USDC,Stablecoin,54936211357.0,163899827856.0,2.9835,0.0047,54936211357.0,1.0,,,defillama_stablecoin,defillama_stablecoin,active
2022-06-01,UNI,DeFi,3744584978.0,4697080451.0,1.2544,1.4039,65061407.0,0.0173748,,,defillama_fees,coincodex,active
2022-06-01,AAVE,DeFi,831032929.79,5663689697.0,6.8152,1.4775,11908907.0,0.01433025,,,defillama_fees,coincodex,active
2022-06-01,LINK,Oracle,2906189546.56,18281001561.0,6.2904,1.4492,,,,,missing,coincodex,active
2022-06-01,DOGE,Meme,9218720717.75,19084110888.0,2.0701,1.3345,1000.0,1.1e-07,,,floor,coincodex,active
2022-06-01,SHIB,Meme,5591743562.71,14754408195.0,2.6386,1.6338,1000.0,1.8e-07,,,floor,coincodex,active
2022-06-01,LUNA,淘汰対照群,1061724183.66,6841967917.0,6.4442,3.3417,1000.0,9.4e-07,,,floor,coincodex,defunct
2022-06-01,FTT,淘汰対照群,3358430640.86,2788376244.0,0.8303,0.998,1000.0,3e-07,,,floor,coincodex,active
2022-06-01,AXS,淘汰対照群,1180057318.5,5614065286.0,4.7575,1.3537,302627.0,0.00025645,,,defillama_fees,coincodex,active
2022-07-01,ETH,Layer1,207871240547.26,534457515643.0,2.5711,1.0521,109483152.0,0.00052669,110819995.0,0.00053312,defillama_fees,coincodex,active
2022-07-01,SOL,Layer1,15168839897.16,43641808083.0,2.8771,1.058,1575306.0,0.00010385,,,defillama_fees,coincodex,active
2022-07-01,USDT,Stablecoin,66630919400.0,1563372605097.0,23.4632,0.0023,66630919400.0,1.0,,,defillama_stablecoin,defillama_stablecoin,active
2022-07-01,USDC,Stablecoin,53726203735.0,191380831899.0,3.5622,0.004,53726203735.0,1.0,,,defillama_stablecoin,defillama_stablecoin,active
2022-07-01,UNI,DeFi,6528793882.12,7413539515.0,1.1355,1.3318,51714086.0,0.00792092,,,defillama_fees,coincodex,active
2022-07-01,AAVE,DeFi,1327075913.79,9150962637.0,6.8956,1.3638,7665350.0,0.00577612,,,defillama_fees,coincodex,active
2022-07-01,LINK,Oracle,3665549771.76,13914051893.0,3.7959,0.837,,,,,missing,coincodex,active
2022-07-01,DOGE,Meme,9252551786.35,13910802977.0,1.5035,0.6526,1000.0,1.1e-07,,,floor,coincodex,active
2022-07-01,SHIB,Meme,6539475205.9,13757261170.0,2.1037,0.8827,1000.0,1.5e-07,,,floor,coincodex,active
2022-07-01,LUNA,淘汰対照群,644660084.26,4452493212.0,6.9067,1.1507,1000.0,1.55e-06,,,floor,coincodex,defunct
2022-07-01,FTT,淘汰対照群,4178405982.11,2551685405.0,0.6107,0.7209,1000.0,2.4e-07,,,floor,coincodex,active
2022-07-01,AXS,淘汰対照群,1567367901.31,6258865938.0,3.9932,1.1317,701152.0,0.00044734,,,defillama_fees,coincodex,active
2022-08-01,ETH,Layer1,188164780395.43,554162785316.0,2.9451,0.8897,92154369.0,0.00048975,93535094.0,0.00049709,defillama_fees,coincodex,active
2022-08-01,SOL,Layer1,10983549854.15,34702219748.0,3.1595,0.7818,1755706.0,0.00015985,,,defillama_fees,coincodex,active
2022-08-01,USDT,Stablecoin,67549551675.0,1522776220157.0,22.5431,0.0012,67549551675.0,1.0,,,defillama_stablecoin,defillama_stablecoin,active
2022-08-01,USDC,Stablecoin,51590370547.0,208225593122.0,4.0361,0.0028,51590370547.0,1.0,,,defillama_stablecoin,defillama_stablecoin,active
2022-08-01,UNI,DeFi,4606735606.98,5559696130.0,1.2069,0.8993,52302421.0,0.01135347,,,defillama_fees,coincodex,active
2022-08-01,AAVE,DeFi,1185823769.71,6259149289.0,5.2783,1.0469,9861551.0,0.0083162,,,defillama_fees,coincodex,active
2022-08-01,LINK,Oracle,3227787320.22,12488335244.0,3.869,0.7949,,,,,missing,coincodex,active
2022-08-01,DOGE,Meme,8172795553.31,16644457758.0,2.0366,0.9189,1000.0,1.2e-07,,,floor,coincodex,active
2022-08-01,SHIB,Meme,6696228318.02,21481419088.0,3.208,1.3138,1000.0,1.5e-07,,,floor,coincodex,active
2022-08-01,LUNA,淘汰対照群,1044301336.75,3998754190.0,3.8291,1.8485,1000.0,9.6e-07,,,floor,coincodex,defunct
2022-08-01,FTT,淘汰対照群,3566522759.35,7761856749.0,2.1763,0.712,1000.0,2.8e-07,,,floor,coincodex,active
2022-08-01,AXS,淘汰対照群,1150564029.12,4055719839.0,3.525,0.801,927711.0,0.00080631,,,defillama_fees,coincodex,active
2022-09-01,ETH,Layer1,164922209910.34,496652295826.0,3.0114,0.7755,74446218.0,0.0004514,75502752.0,0.00045781,defillama_fees,coincodex,active
2022-09-01,SOL,Layer1,12037078039.29,27370651252.0,2.2739,0.7985,1513340.0,0.00012572,,,defillama_fees,coincodex,active
2022-09-01,USDT,Stablecoin,67944572025.0,1570795629881.0,23.1188,0.0014,67944572025.0,1.0,,,defillama_stablecoin,defillama_stablecoin,active
2022-09-01,USDC,Stablecoin,46619611047.0,162516522069.0,3.486,0.0021,46619611047.0,1.0,,,defillama_stablecoin,defillama_stablecoin,active
2022-09-01,UNI,DeFi,4857865785.75,3517436168.0,0.7241,0.8746,45052982.0,0.00927423,,,defillama_fees,coincodex,active
2022-09-01,AAVE,DeFi,1083881724.59,3887058621.0,3.5862,0.7663,9605157.0,0.00886181,,,defillama_fees,coincodex,active
2022-09-01,LINK,Oracle,3883193108.68,15818513148.0,4.0736,0.8452,,,,,missing,coincodex,active
2022-09-01,DOGE,Meme,8067643180.86,10761069393.0,1.3339,0.6064,1000.0,1.2e-07,,,floor,coincodex,active
2022-09-01,SHIB,Meme,6109284143.04,10987227219.0,1.7984,0.8021,1000.0,1.6e-07,,,floor,coincodex,active
2022-09-01,LUNA,淘汰対照群,1742996909.35,36774493942.0,21.0984,3.4289,1000.0,5.7e-07,,,floor,coincodex,defunct
2022-09-01,FTT,淘汰対照群,3255303902.34,3492857226.0,1.073,0.5701,1000.0,3.1e-07,,,floor,coincodex,active
2022-09-01,AXS,淘汰対照群,1056353281.55,2814054929.0,2.6639,0.7847,664411.0,0.00062897,,,defillama_fees,coincodex,active
2022-10-01,ETH,Layer1,194795134622.24,382071643030.0,1.9614,0.5274,99711755.0,0.00051188,101358797.0,0.00052034,defillama_fees,coincodex,active
2022-10-01,SOL,Layer1,11685168188.97,24020285901.0,2.0556,0.5698,1774482.0,0.00015186,,,defillama_fees,coincodex,active
2022-10-01,USDT,Stablecoin,69415082044.0,1324096629754.0,19.0751,0.0017,69415082044.0,1.0,,,defillama_stablecoin,defillama_stablecoin,active
2022-10-01,USDC,Stablecoin,42748681429.0,106932607751.0,2.5014,0.0013,42748681429.0,1.0,,,defillama_stablecoin,defillama_stablecoin,active
2022-10-01,UNI,DeFi,5258892347.52,4615585600.0,0.8777,0.6287,39700550.0,0.00754922,,,defillama_fees,coincodex,active
2022-10-01,AAVE,DeFi,1182245546.43,3349330545.0,2.833,0.5591,4829547.0,0.00408506,,,defillama_fees,coincodex,active
2022-10-01,LINK,Oracle,3826427285.86,11420141653.0,2.9845,0.5631,,,,,missing,coincodex,active
2022-10-01,DOGE,Meme,15573872132.21,40267150421.0,2.5856,1.4648,1000.0,6e-08,,,floor,coincodex,active
2022-10-01,SHIB,Meme,6549409567.19,10707924831.0,1.6349,0.8064,1000.0,1.5e-07,,,floor,coincodex,active
2022-10-01,LUNA,淘汰対照群,1534863895.52,10879711373.0,7.0884,0.6878,1000.0,6.5e-07,,,floor,coincodex,defunct
2022-10-01,FTT,淘汰対照群,3437027935.51,1758029409.0,0.5115,0.3705,1000.0,2.9e-07,,,floor,coincodex,active
2022-10-01,AXS,淘汰対照群,767390438.53,2473648884.0,3.2235,0.6226,656756.0,0.00085583,,,defillama_fees,coincodex,active
2022-11-01,ETH,Layer1,148946127263.24,421797905717.0,2.8319,1.2001,91547179.0,0.00061463,94089020.0,0.0006317,defillama_fees,coincodex,active
2022-11-01,SOL,Layer1,4840159572.25,38530392927.0,7.9606,2.4816,995313.0,0.00020564,,,defillama_fees,coincodex,active
2022-11-01,USDT,Stablecoin,65352829103.0,1695329351241.0,25.9412,0.0065,65352829103.0,1.0,,,defillama_stablecoin,defillama_stablecoin,active
2022-11-01,USDC,Stablecoin,42739041583.0,121434018952.0,2.8413,0.004,42739041583.0,1.0,,,defillama_stablecoin,defillama_stablecoin,active
2022-11-01,UNI,DeFi,4158789101.0,5245480530.0,1.2613,1.3397,58051875.0,0.01395884,,,defillama_fees,coincodex,active
2022-11-01,AAVE,DeFi,867310599.73,3829423411.0,4.4153,1.4317,5744214.0,0.00662302,,,defillama_fees,coincodex,active
2022-11-01,LINK,Oracle,3712757640.56,15878188381.0,4.2767,1.412,,,,,missing,coincodex,active
2022-11-01,DOGE,Meme,13485537735.66,49738850753.0,3.6883,1.5938,1000.0,7e-08,,,floor,coincodex,active
2022-11-01,SHIB,Meme,5029209130.73,9638531212.0,1.9165,1.2143,1000.0,2e-07,,,floor,coincodex,active
2022-11-01,LUNA,淘汰対照群,960080616.91,5677826089.0,5.9139,1.2162,1000.0,1.04e-06,,,floor,coincodex,defunct
2022-11-01,FTT,淘汰対照群,430059987.74,9493115468.0,22.0739,6.0808,1000.0,2.33e-06,,,floor,coincodex,defunct
2022-11-01,AXS,淘汰対照群,561861170.39,3454876041.0,6.149,1.6465,138124.0,0.00024583,,,defillama_fees,coincodex,active
2022-12-01,ETH,Layer1,146927539424.76,161130639970.0,1.0967,0.4636,74445761.0,0.00050668,76715758.0,0.00052213,defillama_fees,coincodex,active
2022-12-01,SOL,Layer1,3583811949.3,8098818749.0,2.2598,0.756,737869.0,0.00020589,,,defillama_fees,coincodex,active
2022-12-01,USDT,Stablecoin,66256361891.0,687568488247.0,10.3774,0.0013,66256361891.0,1.0,,,defillama_stablecoin,defillama_stablecoin,active
2022-12-01,USDC,Stablecoin,44128050714.0,63913738334.0,1.4484,0.0023,44128050714.0,1.0,,,defillama_stablecoin,defillama_stablecoin,active
2022-12-01,UNI,DeFi,3887383255.57,2033694202.0,0.5232,0.5798,24848989.0,0.00639221,,,defillama_fees,coincodex,active
2022-12-01,AAVE,DeFi,739476529.27,1391384389.0,1.8816,0.6033,4556774.0,0.00616216,,,defillama_fees,coincodex,active
2022-12-01,LINK,Oracle,2780094163.2,6071066328.0,2.1838,0.5093,,,,,missing,coincodex,active
2022-12-01,DOGE,Meme,9072081625.12,15636694935.0,1.7236,0.7134,1000.0,1.1e-07,,,floor,coincodex,active
2022-12-01,SHIB,Meme,4559812239.35,3487942185.0,0.7649,0.7078,1000.0,2.2e-07,,,floor,coincodex,active
2022-12-01,LUNA,淘汰対照群,859328667.09,3173928017.0,3.6935,1.0536,1000.0,1.16e-06,,,floor,coincodex,defunct
2022-12-01,FTT,淘汰対照群,274902998.74,356234378.0,1.2959,1.3624,1000.0,3.64e-06,,,floor,coincodex,defunct
2022-12-01,AXS,淘汰対照群,496765242.16,3148446649.0,6.3379,1.1045,56323.0,0.00011338,,,defillama_fees,coincodex,active
2023-01-01,ETH,Layer1,193068563094.55,224952954314.0,1.1651,0.5171,117057432.0,0.0006063,120334148.0,0.00062327,defillama_fees,coincodex,active
2023-01-01,SOL,Layer1,8728697995.19,32189311426.0,3.6878,1.5839,1152262.0,0.00013201,,,defillama_fees,coincodex,active
2023-01-01,USDT,Stablecoin,67785626780.0,925341898031.0,13.651,0.0018,67785626780.0,1.0,,,defillama_stablecoin,defillama_stablecoin,active
2023-01-01,USDC,Stablecoin,41871646731.0,92718383231.0,2.2143,0.0027,41871646731.0,1.0,,,defillama_stablecoin,defillama_stablecoin,active
2023-01-01,UNI,DeFi,4965216170.57,3200604236.0,0.6446,0.6507,38140120.0,0.00768146,,,defillama_fees,coincodex,active
2023-01-01,AAVE,DeFi,1143738715.19,3151646101.0,2.7556,0.7951,4922006.0,0.00430344,,,defillama_fees,coincodex,active
2023-01-01,LINK,Oracle,3514046824.89,9003437689.0,2.5621,0.5954,,,,,missing,coincodex,active
2023-01-01,DOGE,Meme,11716383430.22,17303932740.0,1.4769,0.5635,1000.0,9e-08,,,floor,coincodex,active
2023-01-01,SHIB,Meme,6271841702.68,10022400144.0,1.598,0.7913,1000.0,1.6e-07,,,floor,coincodex,active
2023-01-01,LUNA,淘汰対照群,987892964.42,4470288763.0,4.5251,0.6892,1000.0,1.01e-06,,,floor,coincodex,defunct
2023-01-01,FTT,淘汰対照群,621646107.43,1068977590.0,1.7196,2.4019,1000.0,1.61e-06,,,floor,coincodex,defunct
2023-01-01,AXS,淘汰対照群,901865606.54,6147901847.0,6.8169,1.4642,170095.0,0.0001886,,,defillama_fees,coincodex,active
2023-02-01,ETH,Layer1,199913466280.92,223749343195.0,1.1192,0.5085,161143066.0,0.00080606,165985651.0,0.00083029,defillama_fees,coincodex,active
2023-02-01,SOL,Layer1,8312422896.74,18758524522.0,2.2567,0.892,1270442.0,0.00015284,,,defillama_fees,coincodex,active
2023-02-01,USDT,Stablecoin,70961078475.0,1045271040423.0,14.7302,0.0035,70961078475.0,1.0,,,defillama_stablecoin,defillama_stablecoin,active
2023-02-01,USDC,Stablecoin,41998033686.0,101568094244.0,2.4184,0.0027,41998033686.0,1.0,,,defillama_stablecoin,defillama_stablecoin,active
2023-02-01,UNI,DeFi,4907474388.41,3591099797.0,0.7318,0.7005,67853779.0,0.01382662,,,defillama_fees,coincodex,active
2023-02-01,AAVE,DeFi,1130169389.65,2882912180.0,2.5509,0.8098,5214431.0,0.00461385,,,defillama_fees,coincodex,active
2023-02-01,LINK,Oracle,3699009064.34,11522486900.0,3.115,0.6649,,,,,missing,coincodex,active
2023-02-01,DOGE,Meme,10792187168.12,15650955315.0,1.4502,0.6251,1000.0,9e-08,,,floor,coincodex,active
2023-02-01,SHIB,Meme,6879626926.1,12328555883.0,1.792,1.1905,1000.0,1.5e-07,,,floor,coincodex,active
2023-02-01,LUNA,淘汰対照群,966151736.39,3393150534.0,3.512,0.9411,1000.0,1.04e-06,,,floor,coincodex,defunct
2023-02-01,FTT,淘汰対照群,495576519.55,440657755.0,0.8892,1.1231,1000.0,2.02e-06,,,floor,coincodex,defunct
2023-02-01,AXS,淘汰対照群,827687885.2,3225488776.0,3.897,0.9253,206972.0,0.00025006,,,defillama_fees,coincodex,active
2023-03-01,ETH,Layer1,219219191282.9,302468060876.0,1.3798,0.6362,180921441.0,0.0008253,189372773.0,0.00086385,defillama_fees,coincodex,active
2023-03-01,SOL,Layer1,7976173414.28,17774918267.0,2.2285,0.8837,1331296.0,0.00016691,,,defillama_fees,coincodex,active
2023-03-01,USDT,Stablecoin,79686510462.0,1279155930236.0,16.0524,0.0245,79686510462.0,1.0,,,defillama_stablecoin,defillama_stablecoin,active
2023-03-01,USDC,Stablecoin,32263624903.0,178153876369.0,5.5218,0.1258,32263624903.0,1.0,,,defillama_stablecoin,defillama_stablecoin,active
2023-03-01,UNI,DeFi,4500189646.65,2846608696.0,0.6326,0.7889,74330653.0,0.01651723,,,defillama_fees,coincodex,active
2023-03-01,AAVE,DeFi,1006449127.68,2130849702.0,2.1172,0.7797,8953019.0,0.00889565,,,defillama_fees,coincodex,active
2023-03-01,LINK,Oracle,3735971432.56,9563654305.0,2.5599,0.7854,,,,,missing,coincodex,active
2023-03-01,DOGE,Meme,9849841436.38,12819277281.0,1.3015,0.7253,1000.0,1e-07,,,floor,coincodex,active
2023-03-01,SHIB,Meme,6233932355.95,8070159462.0,1.2946,0.9866,1000.0,1.6e-07,,,floor,coincodex,active
2023-03-01,LUNA,淘汰対照群,720708784.39,2460479676.0,3.414,0.7016,1000.0,1.39e-06,,,floor,coincodex,defunct
2023-03-01,FTT,淘汰対照群,431035807.31,367730863.0,0.8531,1.155,1000.0,2.32e-06,,,floor,coincodex,defunct
2023-03-01,AXS,淘汰対照群,685052824.7,2115541499.0,3.0881,0.9245,255409.0,0.00037283,,,defillama_fees,coincodex,active
2023-04-01,ETH,Layer1,229393826898.0,277179762298.0,1.2083,0.4872,241685442.0,0.00105358,254905379.0,0.00111121,defillama_fees,coincodex,active
2023-04-01,SOL,Layer1,9220953132.0,14256987511.0,1.5462,0.6779,1188542.0,0.0001289,,,defillama_fees,coincodex,active
2023-04-01,USDT,Stablecoin,81707767325.0,839435865398.0,10.2736,0.0048,81707767325.0,1.0,,,defillama_stablecoin,defillama_stablecoin,active
2023-04-01,USDC,Stablecoin,30377707020.0,124470260481.0,4.0974,0.0028,30377707020.0,1.0,,,defillama_stablecoin,defillama_stablecoin,active
2023-04-01,UNI,DeFi,3263471586.0,2260924916.0,0.6928,0.5071,48510399.0,0.01486466,,,defillama_fees,coincodex,active
2023-04-01,AAVE,DeFi,1034206902.0,1624857926.0,1.5711,0.536,6458715.0,0.00624509,,,defillama_fees,coincodex,active
2023-04-01,LINK,Oracle,3713399474.0,8304115893.0,2.2363,0.5779,,,,,missing,coincodex,active
2023-04-01,DOGE,Meme,11355073695.0,27312865153.0,2.4053,0.9811,1000.0,9e-08,,,floor,coincodex,active
2023-04-01,SHIB,Meme,6100875349.0,6155705983.0,1.009,0.7012,1000.0,1.6e-07,,,floor,coincodex,active
2023-04-01,LUNA,淘汰対照群,658907826.0,1606440259.0,2.438,0.484,1000.0,1.52e-06,,,floor,coincodex,defunct
2023-04-01,FTT,淘汰対照群,505593077.0,1206290356.0,2.3859,2.3556,1000.0,1.98e-06,,,floor,coincodex,defunct
2023-04-01,AXS,淘汰対照群,664094489.0,1448752046.0,2.1815,0.535,205087.0,0.00030882,,,defillama_fees,coincodex,active
2023-05-01,ETH,Layer1,228560266300.0,202326166173.0,0.8852,0.3932,448874564.0,0.00196392,464138257.0,0.0020307,defillama_fees,coincodex,active
2023-05-01,SOL,Layer1,8539913219.0,9078738922.0,1.0631,0.5105,1244800.0,0.00014576,,,defillama_fees,coincodex,active
2023-05-01,USDT,Stablecoin,83198487627.0,689438522256.0,8.2867,0.005,83198487627.0,1.0,,,defillama_stablecoin,defillama_stablecoin,active
2023-05-01,USDC,Stablecoin,28665011224.0,91489301524.0,3.1917,0.0023,28665011224.0,1.0,,,defillama_stablecoin,defillama_stablecoin,active
2023-05-01,UNI,DeFi,2967009554.0,1301509219.0,0.4387,0.438,68477540.0,0.02307965,,,defillama_fees,coincodex,active
2023-05-01,AAVE,DeFi,959901721.0,1150342830.0,1.1984,0.4902,7140091.0,0.00743836,,,defillama_fees,coincodex,active
2023-05-01,LINK,Oracle,3429066800.0,4328999781.0,1.2624,0.4129,,,,,missing,coincodex,active
2023-05-01,DOGE,Meme,10092954437.0,7422348068.0,0.7354,0.3499,1000.0,1e-07,,,floor,coincodex,active
2023-05-01,SHIB,Meme,5134434190.0,3309406712.0,0.6446,0.3615,1000.0,1.9e-07,,,floor,coincodex,active
2023-05-01,LUNA,淘汰対照群,508902773.0,1062982068.0,2.0888,0.7134,1000.0,1.97e-06,,,floor,coincodex,defunct
2023-05-01,FTT,淘汰対照群,317275101.0,307862486.0,0.9703,0.7054,1000.0,3.15e-06,,,floor,coincodex,defunct
2023-05-01,AXS,淘汰対照群,587214763.0,1337327354.0,2.2774,0.531,1318991.0,0.00224618,,,defillama_fees,coincodex,active
2023-06-01,ETH,Layer1,223168303653.0,206194132396.0,0.9239,0.4928,156886565.0,0.000703,163581039.0,0.00073299,defillama_fees,coincodex,active
2023-06-01,SOL,Layer1,7227499686.0,11396306573.0,1.5768,0.9235,1015923.0,0.00014056,,,defillama_fees,coincodex,active
2023-06-01,USDT,Stablecoin,83320859006.0,733972034324.0,8.809,0.005,83320859006.0,1.0,,,defillama_stablecoin,defillama_stablecoin,active
2023-06-01,USDC,Stablecoin,27132925414.0,110831902090.0,4.0848,0.0026,27132925414.0,1.0,,,defillama_stablecoin,defillama_stablecoin,active
2023-06-01,UNI,DeFi,2843397433.0,2028722490.0,0.7135,0.8885,36336844.0,0.01277938,,,defillama_fees,coincodex,active
2023-06-01,AAVE,DeFi,909067858.0,2423480947.0,2.6659,1.1077,8096480.0,0.00890635,,,defillama_fees,coincodex,active
2023-06-01,LINK,Oracle,3195341481.0,5172131692.0,1.6186,0.7842,,,,,missing,coincodex,active
2023-06-01,DOGE,Meme,8862812904.0,8267800013.0,0.9329,0.68,1000.0,1.1e-07,,,floor,coincodex,active
2023-06-01,SHIB,Meme,4333070440.0,3687409908.0,0.851,1.1898,1000.0,2.3e-07,,,floor,coincodex,active
2023-06-01,LUNA,淘汰対照群,510401030.0,2272978896.0,4.4533,1.3584,1000.0,1.96e-06,,,floor,coincodex,defunct
2023-06-01,FTT,淘汰対照群,677329650.0,888868861.0,1.3123,1.7716,1000.0,1.48e-06,,,floor,coincodex,defunct
2023-06-01,AXS,淘汰対照群,468835770.0,1494957081.0,3.1887,0.9614,205265.0,0.00043782,,,defillama_fees,coincodex,active
2023-07-01,ETH,Layer1,224841928009.0,177596680398.0,0.7899,0.3299,196162523.0,0.00087245,208208157.0,0.00092602,defillama_fees,coincodex,active
2023-07-01,SOL,Layer1,9826612525.0,19472024682.0,1.9816,0.8535,1444480.0,0.000147,,,defillama_fees,coincodex,active
2023-07-01,USDT,Stablecoin,83873378189.0,660283881057.0,7.8724,0.0047,83873378189.0,1.0,,,defillama_stablecoin,defillama_stablecoin,active
2023-07-01,USDC,Stablecoin,26195419435.0,91496657721.0,3.4928,0.003,26195419435.0,1.0,,,defillama_stablecoin,defillama_stablecoin,active
2023-07-01,UNI,DeFi,3708833080.0,2813619154.0,0.7586,0.5953,34664468.0,0.00934646,,,defillama_fees,coincodex,active
2023-07-01,AAVE,DeFi,1027214692.0,2862096145.0,2.7863,0.6924,8723314.0,0.0084922,,,defillama_fees,coincodex,active
2023-07-01,LINK,Oracle,4066811447.0,8621194467.0,2.1199,0.9483,,,,,missing,coincodex,active
2023-07-01,DOGE,Meme,10955804176.0,15064851952.0,1.3751,0.6256,1000.0,9e-08,,,floor,coincodex,active
2023-07-01,SHIB,Meme,4893697085.0,3901255239.0,0.7972,0.8783,1000.0,2e-07,,,floor,coincodex,active
2023-07-01,LUNA,淘汰対照群,473719940.0,1021241884.0,2.1558,0.4456,1000.0,2.11e-06,,,floor,coincodex,defunct
2023-07-01,FTT,淘汰対照群,449170379.0,829831007.0,1.8475,0.9765,1000.0,2.23e-06,,,floor,coincodex,defunct
2023-07-01,AXS,淘汰対照群,506421849.0,1554001166.0,3.0686,0.6446,170168.0,0.00033602,,,defillama_fees,coincodex,active
2023-08-01,ETH,Layer1,205918912595.0,168678383229.0,0.8191,0.3597,156623565.0,0.00076061,167418971.0,0.00081303,defillama_fees,coincodex,active
2023-08-01,SOL,Layer1,8497700279.0,10668041414.0,1.2554,0.6049,1434874.0,0.00016885,,,defillama_fees,coincodex,active
2023-08-01,USDT,Stablecoin,82845642167.0,679016663948.0,8.1962,0.0092,82845642167.0,1.0,,,defillama_stablecoin,defillama_stablecoin,active
2023-08-01,USDC,Stablecoin,25914941130.0,95070809354.0,3.6686,0.003,25914941130.0,1.0,,,defillama_stablecoin,defillama_stablecoin,active
2023-08-01,UNI,DeFi,2681160873.0,2810506589.0,1.0482,0.633,34725588.0,0.0129517,,,defillama_fees,coincodex,active
2023-08-01,AAVE,DeFi,839067818.0,2318179821.0,2.7628,0.4807,9901065.0,0.01180008,,,defillama_fees,coincodex,active
2023-08-01,LINK,Oracle,3198262995.0,6374304859.0,1.9931,0.5173,53037.0,1.658e-05,,,defillama_fees,coincodex,active
2023-08-01,DOGE,Meme,9261487140.0,9829583943.0,1.0613,0.5382,1000.0,1.1e-07,,,floor,coincodex,active
2023-08-01,SHIB,Meme,4827384812.0,8428003292.0,1.7459,1.1985,1000.0,2.1e-07,,,floor,coincodex,active
2023-08-01,LUNA,淘汰対照群,373306094.0,603144957.0,1.6157,0.6306,1000.0,2.68e-06,,,floor,coincodex,defunct
2023-08-01,FTT,淘汰対照群,339322405.0,386898695.0,1.1402,0.8838,1000.0,2.95e-06,,,floor,coincodex,defunct
2023-08-01,AXS,淘汰対照群,405857516.0,1126772199.0,2.7763,0.4833,290208.0,0.00071505,,,defillama_fees,coincodex,active
2023-09-01,ETH,Layer1,200799293825.0,134781867370.0,0.6712,0.2604,92698939.0,0.00046165,98627347.0,0.00049117,defillama_fees,coincodex,active
2023-09-01,SOL,Layer1,8406522083.0,7329155898.0,0.8718,0.4958,1188614.0,0.00014139,,,defillama_fees,coincodex,active
2023-09-01,USDT,Stablecoin,83232172676.0,626627443793.0,7.5287,0.004,83232172676.0,1.0,,,defillama_stablecoin,defillama_stablecoin,active
2023-09-01,USDC,Stablecoin,24776652510.0,77457835695.0,3.1262,0.0024,24776652510.0,1.0,,,defillama_stablecoin,defillama_stablecoin,active
2023-09-01,UNI,DeFi,2543199627.0,1874662838.0,0.7371,0.3265,22815772.0,0.00897129,,,defillama_fees,coincodex,active
2023-09-01,AAVE,DeFi,961310216.0,1986600356.0,2.0666,0.538,7310225.0,0.00760444,,,defillama_fees,coincodex,active
2023-09-01,LINK,Oracle,4425532609.0,5476615073.0,1.2375,0.5268,69157.0,1.563e-05,,,defillama_fees,coincodex,active
2023-09-01,DOGE,Meme,8776186140.0,5518240682.0,0.6288,0.2021,1000.0,1.1e-07,,,floor,coincodex,active
2023-09-01,SHIB,Meme,4326002351.0,2520072702.0,0.5825,1.0558,1000.0,2.3e-07,,,floor,coincodex,active
2023-09-01,LUNA,淘汰対照群,363817944.0,17871540818.0,49.1222,0.4638,1000.0,2.75e-06,,,floor,coincodex,defunct
2023-09-01,FTT,淘汰対照群,368288897.0,398283791.0,1.0814,0.7715,1000.0,2.72e-06,,,floor,coincodex,defunct
2023-09-01,AXS,淘汰対照群,381842391.0,951794766.0,2.4926,0.5607,139321.0,0.00036487,,,defillama_fees,coincodex,active
2023-10-01,ETH,Layer1,217968723633.0,192662877051.0,0.8839,0.3816,91238369.0,0.00041858,96288221.0,0.00044175,defillama_fees,coincodex,active
2023-10-01,SOL,Layer1,14667926622.0,20346249922.0,1.3871,0.8952,1598240.0,0.00010896,,,defillama_fees,coincodex,active
2023-10-01,USDT,Stablecoin,84778830833.0,849424440425.0,10.0193,0.0047,84778830833.0,1.0,,,defillama_stablecoin,defillama_stablecoin,active
2023-10-01,USDC,Stablecoin,24176878457.0,96897830821.0,4.0079,0.0028,24176878457.0,1.0,,,defillama_stablecoin,defillama_stablecoin,active
2023-10-01,UNI,DeFi,2459478183.0,2278099615.0,0.9263,0.4631,34430019.0,0.01399891,,,defillama_fees,coincodex,active
2023-10-01,AAVE,DeFi,1221809093.0,3030666538.0,2.4805,0.7828,9318025.0,0.00762642,,,defillama_fees,coincodex,active
2023-10-01,LINK,Oracle,6253926328.0,13873024623.0,2.2183,0.8683,75756.0,1.211e-05,,,defillama_fees,coincodex,active
2023-10-01,DOGE,Meme,9866503263.0,7761886555.0,0.7867,0.4786,1000.0,1e-07,,,floor,coincodex,active
2023-10-01,SHIB,Meme,4705540388.0,3525800252.0,0.7493,0.8024,1000.0,2.1e-07,,,floor,coincodex,active
2023-10-01,LUNA,淘汰対照群,378614911.0,521548801.0,1.3775,0.451,1000.0,2.64e-06,,,floor,coincodex,defunct
2023-10-01,FTT,淘汰対照群,413024119.0,500183564.0,1.211,0.6995,1000.0,2.42e-06,,,floor,coincodex,defunct
2023-10-01,AXS,淘汰対照群,477807380.0,1329330258.0,2.7821,0.6364,221959.0,0.00046454,,,defillama_fees,coincodex,active
2023-11-01,ETH,Layer1,244586216615.0,315824566888.0,1.2913,0.5954,238396252.0,0.00097469,248993647.0,0.00101802,defillama_fees,coincodex,active
2023-11-01,SOL,Layer1,25123763665.0,65686484154.0,2.6145,1.3382,3163349.0,0.00012591,,,defillama_fees,coincodex,active
2023-11-01,USDT,Stablecoin,89317080453.0,1148215126295.0,12.8555,0.0057,89317080453.0,1.0,,,defillama_stablecoin,defillama_stablecoin,active
2023-11-01,USDC,Stablecoin,23807958530.0,139958592573.0,5.8786,0.0032,23807958530.0,1.0,,,defillama_stablecoin,defillama_stablecoin,active
2023-11-01,UNI,DeFi,3531692268.0,5864146807.0,1.6604,1.0813,58603672.0,0.01659365,,,defillama_fees,coincodex,active
2023-11-01,AAVE,DeFi,1410117293.0,5030596785.0,3.5675,0.821,12129411.0,0.0086017,,,defillama_fees,coincodex,active
2023-11-01,LINK,Oracle,8084236494.0,22297743722.0,2.7582,0.9907,76701.0,9.49e-06,,,defillama_fees,coincodex,active
2023-11-01,DOGE,Meme,11432946527.0,21100778032.0,1.8456,0.723,1000.0,9e-08,,,floor,coincodex,active
2023-11-01,SHIB,Meme,4844866492.0,5613468293.0,1.1586,1.0235,1000.0,2.1e-07,,,floor,coincodex,active
2023-11-01,LUNA,淘汰対照群,675173127.0,2853908273.0,4.2269,1.6066,1000.0,1.48e-06,,,floor,coincodex,defunct
2023-11-01,FTT,淘汰対照群,1347751454.0,5266123299.0,3.9073,3.3982,1000.0,7.4e-07,,,floor,coincodex,defunct
2023-11-01,AXS,淘汰対照群,538723242.0,2855193379.0,5.2999,0.7239,185119.0,0.00034363,,,defillama_fees,coincodex,active
2023-12-01,ETH,Layer1,277135031061.0,351655489427.0,1.2689,0.5004,325239375.0,0.00117358,343781184.0,0.00124048,defillama_fees,coincodex,active
2023-12-01,SOL,Layer1,43777395979.0,96652075134.0,2.2078,1.0799,7453446.0,0.00017026,,,defillama_fees,coincodex,active
2023-12-01,USDT,Stablecoin,91677928371.0,1501452750126.0,16.3775,0.0083,91677928371.0,1.0,,,defillama_stablecoin,defillama_stablecoin,active
2023-12-01,USDC,Stablecoin,23863493722.0,169952219977.0,7.1218,0.0054,23863493722.0,1.0,,,defillama_stablecoin,defillama_stablecoin,active
2023-12-01,UNI,DeFi,4406407445.0,5502523810.0,1.2488,0.7133,78791729.0,0.01788117,,,defillama_fees,coincodex,active
2023-12-01,AAVE,DeFi,1633018259.0,5690134933.0,3.4844,0.7322,17097834.0,0.01047008,,,defillama_fees,coincodex,active
2023-12-01,LINK,Oracle,8618871885.0,19666467419.0,2.2818,0.8362,68119.0,7.9e-06,,,defillama_fees,coincodex,active
2023-12-01,DOGE,Meme,12828579057.0,23655304142.0,1.844,0.6128,1000.0,8e-08,,,floor,coincodex,active
2023-12-01,SHIB,Meme,6125037668.0,8558322818.0,1.3973,1.1464,1000.0,1.6e-07,,,floor,coincodex,active
2023-12-01,LUNA,淘汰対照群,841894686.0,7424012833.0,8.8182,1.9066,1000.0,1.19e-06,,,floor,coincodex,defunct
2023-12-01,FTT,淘汰対照群,1118811956.0,3448116993.0,3.0819,1.4344,1000.0,8.9e-07,,,floor,coincodex,defunct
2023-12-01,AXS,淘汰対照群,754599421.0,3741431412.0,4.9582,0.9499,208385.0,0.00027615,,,defillama_fees,coincodex,active
2024-01-01,ETH,Layer1,282694386477.0,365409742553.0,1.2926,0.6079,212846820.0,0.00075292,226028362.0,0.00079955,defillama_fees,coincodex,active
2024-01-01,SOL,Layer1,44135687258.0,85663698999.0,1.9409,0.9513,12019954.0,0.00027234,,,defillama_fees,coincodex,active
2024-01-01,USDT,Stablecoin,96206404754.0,1434939758374.0,14.9152,0.0057,96206404754.0,1.0,,,defillama_stablecoin,defillama_stablecoin,active
2024-01-01,USDC,Stablecoin,25842279664.0,180516726040.0,6.9853,0.0028,25842279664.0,1.0,,,defillama_stablecoin,defillama_stablecoin,active
2024-01-01,UNI,DeFi,3743735787.0,3441935349.0,0.9194,0.8054,73369404.0,0.01959791,,,defillama_fees,coincodex,active
2024-01-01,AAVE,DeFi,1368759939.0,4243514198.0,3.1003,0.7847,17734348.0,0.01295651,,,defillama_fees,coincodex,active
2024-01-01,LINK,Oracle,8793505816.0,16508338656.0,1.8773,0.82,114758.0,1.305e-05,,,defillama_fees,coincodex,active
2024-01-01,DOGE,Meme,11399360982.0,15096122846.0,1.3243,0.7322,1000.0,9e-08,,,floor,coincodex,active
2024-01-01,SHIB,Meme,5339884238.0,4598753775.0,0.8612,0.9445,1000.0,1.9e-07,,,floor,coincodex,active
2024-01-01,LUNA,淘汰対照群,564587460.0,1795194519.0,3.1797,1.2418,1000.0,1.77e-06,,,floor,coincodex,defunct
2024-01-01,FTT,淘汰対照群,885354235.0,1256931369.0,1.4197,1.161,1000.0,1.13e-06,,,floor,coincodex,defunct
2024-01-01,AXS,淘汰対照群,611479056.0,2288691189.0,3.7429,0.9461,369610.0,0.00060445,,,defillama_fees,coincodex,active
2024-02-01,ETH,Layer1,407205534183.0,435402067623.0,1.0692,0.383,353143522.0,0.00086724,373093273.0,0.00091623,defillama_fees,coincodex,active
2024-02-01,SOL,Layer1,52482119844.0,65774857231.0,1.2533,0.6256,7603960.0,0.00014489,,,defillama_fees,coincodex,active
2024-02-01,USDT,Stablecoin,98834150546.0,1493103467798.0,15.1072,0.0085,98834150546.0,1.0,,,defillama_stablecoin,defillama_stablecoin,active
2024-02-01,USDC,Stablecoin,27484804686.0,168289980483.0,6.123,0.0021,27484804686.0,1.0,,,defillama_stablecoin,defillama_stablecoin,active
2024-02-01,UNI,DeFi,6543647148.0,7807255895.0,1.1931,1.6,82165773.0,0.01255657,,,defillama_fees,coincodex,active
2024-02-01,AAVE,DeFi,1541445658.0,3869495395.0,2.5103,0.4173,19356182.0,0.01255716,,,defillama_fees,coincodex,active
2024-02-01,LINK,Oracle,11430777706.0,18697620915.0,1.6357,0.6361,121197.0,1.06e-05,,,defillama_fees,coincodex,active
2024-02-01,DOGE,Meme,16646170520.0,19964515781.0,1.1993,0.7692,1000.0,6e-08,,,floor,coincodex,active
2024-02-01,SHIB,Meme,6901159280.0,7688468892.0,1.1141,0.821,1000.0,1.4e-07,,,floor,coincodex,active
2024-02-01,LUNA,淘汰対照群,795347467.0,2201074210.0,2.7674,0.8915,1000.0,1.26e-06,,,floor,coincodex,defunct
2024-02-01,FTT,淘汰対照群,560264701.0,877008128.0,1.5653,1.0423,1000.0,1.78e-06,,,floor,coincodex,defunct
2024-02-01,AXS,淘汰対照群,752720004.0,2246856824.0,2.985,0.5057,406663.0,0.00054026,,,defillama_fees,coincodex,active
2024-03-01,ETH,Layer1,422292418148.0,670105166249.0,1.5868,0.7793,605246666.0,0.00143324,645008436.0,0.0015274,defillama_fees,coincodex,active
2024-03-01,SOL,Layer1,86511916766.0,180057639872.0,2.0813,1.0014,63559453.0,0.00073469,,,defillama_fees,coincodex,active
2024-03-01,USDT,Stablecoin,104430769909.0,2888616321282.0,27.6606,0.0106,104430769909.0,1.0,,,defillama_stablecoin,defillama_stablecoin,active
2024-03-01,USDC,Stablecoin,31790934909.0,306181284614.0,9.6311,0.0025,31790934909.0,1.0,,,defillama_stablecoin,defillama_stablecoin,active
2024-03-01,UNI,DeFi,7558265411.0,9443893480.0,1.2495,1.0508,147828168.0,0.01955848,,,defillama_fees,coincodex,active
2024-03-01,AAVE,DeFi,1834350709.0,5286295978.0,2.8818,1.1602,40507466.0,0.02208273,,,defillama_fees,coincodex,active
2024-03-01,LINK,Oracle,11129830261.0,19972037164.0,1.7945,0.8362,63093.0,5.67e-06,,,defillama_fees,coincodex,active
2024-03-01,DOGE,Meme,28647695032.0,109268071992.0,3.8142,1.6999,1000.0,3e-08,,,floor,coincodex,active
2024-03-01,SHIB,Meme,17607971946.0,91169784004.0,5.1778,2.4276,1000.0,6e-08,,,floor,coincodex,active
2024-03-01,LUNA,淘汰対照群,889058588.0,4928231443.0,5.5432,1.2419,1000.0,1.12e-06,,,floor,coincodex,defunct
2024-03-01,FTT,淘汰対照群,638890843.0,1405752547.0,2.2003,1.3842,1000.0,1.57e-06,,,floor,coincodex,defunct
2024-03-01,AXS,淘汰対照群,898942029.0,4269296815.0,4.7492,1.0384,224538.0,0.00024978,,,defillama_fees,coincodex,active
2024-04-01,ETH,Layer1,393268419953.0,480678795896.0,1.2223,0.6923,220710183.0,0.00056122,237829686.0,0.00060475,defillama_fees,coincodex,active
2024-04-01,SOL,Layer1,61639945228.0,119806741353.0,1.9437,0.9286,47415339.0,0.00076923,,,defillama_fees,coincodex,active
2024-04-01,USDT,Stablecoin,110402299123.0,1970692794510.0,17.8501,0.0063,110402299123.0,1.0,,,defillama_stablecoin,defillama_stablecoin,active
2024-04-01,USDC,Stablecoin,32769862308.0,248972600531.0,7.5976,0.0036,32769862308.0,1.0,,,defillama_stablecoin,defillama_stablecoin,active
2024-04-01,UNI,DeFi,4607560377.0,6238642830.0,1.354,1.1064,113422188.0,0.02461654,,,defillama_fees,coincodex,active
2024-04-01,AAVE,DeFi,1325534899.0,3267245898.0,2.4649,1.1597,35604443.0,0.02686043,,,defillama_fees,coincodex,active
2024-04-01,LINK,Oracle,8265428218.0,12396281669.0,1.4998,0.8781,39240.0,4.75e-06,,,defillama_fees,coincodex,active
2024-04-01,DOGE,Meme,20700457704.0,64588245005.0,3.1201,0.9969,1000.0,5e-08,,,floor,coincodex,active
2024-04-01,SHIB,Meme,14241191384.0,22494089994.0,1.5795,1.21,1000.0,7e-08,,,floor,coincodex,active
2024-04-01,LUNA,淘汰対照群,606824838.0,1234154887.0,2.0338,1.2451,1000.0,1.65e-06,,,floor,coincodex,defunct
2024-04-01,FTT,淘汰対照群,466368737.0,506998216.0,1.0871,1.407,1000.0,2.14e-06,,,floor,coincodex,defunct
2024-04-01,AXS,淘汰対照群,595245548.0,1680913145.0,2.8239,1.0133,230446.0,0.00038714,,,defillama_fees,coincodex,active
2024-05-01,ETH,Layer1,449886090440.0,494712697510.0,1.0996,0.7367,128038616.0,0.0002846,137351631.0,0.0003053,defillama_fees,coincodex,active
2024-05-01,SOL,Layer1,74995176440.0,92091937719.0,1.228,0.778,43816858.0,0.00058426,,,defillama_fees,coincodex,active
2024-05-01,USDT,Stablecoin,111762088179.0,1793514021330.0,16.0476,0.0091,111762088179.0,1.0,,,defillama_stablecoin,defillama_stablecoin,active
2024-05-01,USDC,Stablecoin,32034473251.0,192881194730.0,6.0211,0.0021,32034473251.0,1.0,,,defillama_stablecoin,defillama_stablecoin,active
2024-05-01,UNI,DeFi,6442633290.0,6282049688.0,0.9751,1.0763,84106566.0,0.01305469,,,defillama_fees,coincodex,active
2024-05-01,AAVE,DeFi,1526275004.0,2744467886.0,1.7981,0.7261,29533554.0,0.01935009,,,defillama_fees,coincodex,active
2024-05-01,LINK,Oracle,10426836757.0,14207255126.0,1.3626,0.7017,32509.0,3.12e-06,,,defillama_fees,coincodex,active
2024-05-01,DOGE,Meme,23007419761.0,47099922037.0,2.0472,0.8788,1000.0,4e-08,,,floor,coincodex,active
2024-05-01,SHIB,Meme,15274895838.0,22122948177.0,1.4483,0.7808,1000.0,7e-08,,,floor,coincodex,active
2024-05-01,LUNA,淘汰対照群,706321398.0,1105497472.0,1.5651,0.6413,1000.0,1.42e-06,,,floor,coincodex,defunct
2024-05-01,FTT,淘汰対照群,537823723.0,756566839.0,1.4067,1.1679,1000.0,1.86e-06,,,floor,coincodex,defunct
2024-05-01,AXS,淘汰対照群,617732172.0,1275633277.0,2.065,0.7004,298080.0,0.00048254,,,defillama_fees,coincodex,active
2024-06-01,ETH,Layer1,408311356274.0,401807474721.0,0.9841,0.3547,141629874.0,0.00034687,151941615.0,0.00037212,defillama_fees,coincodex,active
2024-06-01,SOL,Layer1,63012049328.0,62485827625.0,0.9916,0.7055,49057240.0,0.00077854,,,defillama_fees,coincodex,active
2024-06-01,USDT,Stablecoin,112739012075.0,1555825954950.0,13.8002,0.006,112739012075.0,1.0,,,defillama_stablecoin,defillama_stablecoin,active
2024-06-01,USDC,Stablecoin,31822097530.0,148089110277.0,4.6537,0.0023,31822097530.0,1.0,,,defillama_stablecoin,defillama_stablecoin,active
2024-06-01,UNI,DeFi,5322669509.0,6969069426.0,1.3093,1.2616,76530882.0,0.01437829,,,defillama_fees,coincodex,active
2024-06-01,AAVE,DeFi,1431127978.0,2932682083.0,2.0492,0.6417,39830758.0,0.02783172,,,defillama_fees,coincodex,active
2024-06-01,LINK,Oracle,7949568434.0,9494306403.0,1.1943,0.637,4562.0,5.7e-07,,,defillama_fees,coincodex,active
2024-06-01,DOGE,Meme,17532515748.0,22681826142.0,1.2937,0.6039,1000.0,6e-08,,,floor,coincodex,active
2024-06-01,SHIB,Meme,9985360118.0,12416852253.0,1.2435,0.7366,1000.0,1e-07,,,floor,coincodex,active
2024-06-01,LUNA,淘汰対照群,466882699.0,1071618396.0,2.2953,0.9978,1000.0,2.14e-06,,,floor,coincodex,defunct
2024-06-01,FTT,淘汰対照群,453950438.0,558740486.0,1.2308,1.052,1000.0,2.2e-06,,,floor,coincodex,defunct
2024-06-01,AXS,淘汰対照群,493426219.0,1413714432.0,2.8651,0.7631,338248.0,0.00068551,,,defillama_fees,coincodex,active
2024-07-01,ETH,Layer1,394837621291.0,496826192549.0,1.2583,0.5616,94164316.0,0.00023849,99315296.0,0.00025153,defillama_fees,coincodex,active
2024-07-01,SOL,Layer1,80547114045.0,83075648942.0,1.0314,0.9033,49972923.0,0.00062042,,,defillama_fees,coincodex,active
2024-07-01,USDT,Stablecoin,114547619142.0,1721561668561.0,15.0292,0.0063,114547619142.0,1.0,,,defillama_stablecoin,defillama_stablecoin,active
2024-07-01,USDC,Stablecoin,32975847532.0,181418688081.0,5.5016,0.0017,32975847532.0,1.0,,,defillama_stablecoin,defillama_stablecoin,active
2024-07-01,UNI,DeFi,4435754734.0,4407960742.0,0.9937,0.709,65079436.0,0.01467156,,,defillama_fees,coincodex,active
2024-07-01,AAVE,DeFi,1561234563.0,3453807415.0,2.2122,0.7903,35080223.0,0.02246954,,,defillama_fees,coincodex,active
2024-07-01,LINK,Oracle,7722889135.0,9685813815.0,1.2542,0.7555,88792.0,1.15e-05,,,defillama_fees,coincodex,active
2024-07-01,DOGE,Meme,18166332762.0,25451336992.0,1.401,0.8706,1000.0,6e-08,,,floor,coincodex,active
2024-07-01,SHIB,Meme,9704323781.0,10929076104.0,1.1262,0.9019,1000.0,1e-07,,,floor,coincodex,active
2024-07-01,LUNA,淘汰対照群,467338006.0,682109843.0,1.4596,0.9172,1000.0,2.14e-06,,,floor,coincodex,defunct
2024-07-01,FTT,淘汰対照群,456913670.0,529782345.0,1.1595,0.9743,1000.0,2.19e-06,,,floor,coincodex,defunct
2024-07-01,AXS,淘汰対照群,483333196.0,1050207350.0,2.1728,0.7752,294792.0,0.00060991,,,defillama_fees,coincodex,active
2024-08-01,ETH,Layer1,303425386329.0,535770895767.0,1.7657,0.8775,62572767.0,0.00020622,67943187.0,0.00022392,defillama_fees,coincodex,active
2024-08-01,SOL,Layer1,62104620020.0,100993272262.0,1.6262,0.9032,26084280.0,0.00042001,,,defillama_fees,coincodex,active
2024-08-01,USDT,Stablecoin,118210924869.0,1793315048760.0,15.1705,0.0067,118210924869.0,1.0,,,defillama_stablecoin,defillama_stablecoin,active
2024-08-01,USDC,Stablecoin,34493737416.0,203295793226.0,5.8937,0.0029,34493737416.0,1.0,,,defillama_stablecoin,defillama_stablecoin,active
2024-08-01,UNI,DeFi,3532593450.0,3587708630.0,1.0156,1.0384,55275874.0,0.01564739,,,defillama_fees,coincodex,active
2024-08-01,AAVE,DeFi,1947843635.0,6553978529.0,3.3647,1.0141,41117486.0,0.02110923,,,defillama_fees,coincodex,active
2024-08-01,LINK,Oracle,6533307176.0,8069891960.0,1.2352,0.9569,42288.0,6.47e-06,,,defillama_fees,coincodex,active
2024-08-01,DOGE,Meme,14773150744.0,22259241186.0,1.5067,0.8065,1000.0,7e-08,,,floor,coincodex,active
2024-08-01,SHIB,Meme,8276536959.0,7652966685.0,0.9247,0.8483,1000.0,1.2e-07,,,floor,coincodex,active
2024-08-01,LUNA,淘汰対照群,466794896.0,721030099.0,1.5446,1.1069,1000.0,2.14e-06,,,floor,coincodex,defunct
2024-08-01,FTT,淘汰対照群,429238769.0,460310747.0,1.0724,0.7619,1000.0,2.33e-06,,,floor,coincodex,defunct
2024-08-01,AXS,淘汰対照群,398352042.0,955206815.0,2.3979,0.8608,228037.0,0.00057245,,,defillama_fees,coincodex,active
2024-09-01,ETH,Layer1,320154052109.0,438144022015.0,1.3685,0.5351,103178535.0,0.00032228,106156052.0,0.00033158,defillama_fees,coincodex,active
2024-09-01,SOL,Layer1,74352634712.0,61746399244.0,0.8305,0.6418,19294141.0,0.0002595,,,defillama_fees,coincodex,active
2024-09-01,USDT,Stablecoin,119650346135.0,1511341256638.0,12.6313,0.0049,119650346135.0,1.0,,,defillama_stablecoin,defillama_stablecoin,active
2024-09-01,USDC,Stablecoin,35183237169.0,159828381124.0,4.5427,0.0019,35183237169.0,1.0,,,defillama_stablecoin,defillama_stablecoin,active
2024-09-01,UNI,DeFi,4478181664.0,3469794716.0,0.7748,0.6793,45509736.0,0.01016255,,,defillama_fees,coincodex,active
2024-09-01,AAVE,DeFi,2414767815.0,7371135010.0,3.0525,1.0493,24369504.0,0.01009186,,,defillama_fees,coincodex,active
2024-09-01,LINK,Oracle,7834558980.0,6684977425.0,0.8533,0.6616,70259.0,8.97e-06,,,defillama_fees,coincodex,active
2024-09-01,DOGE,Meme,18216207185.0,19421249305.0,1.0662,0.7451,1000.0,5e-08,,,floor,coincodex,active
2024-09-01,SHIB,Meme,11426086741.0,8862257290.0,0.7756,1.2848,1000.0,9e-08,,,floor,coincodex,active
2024-09-01,LUNA,淘汰対照群,574869293.0,638292369.0,1.1103,0.7304,1000.0,1.74e-06,,,floor,coincodex,defunct
2024-09-01,FTT,淘汰対照群,725147155.0,708149930.0,0.9766,1.7762,1000.0,1.38e-06,,,floor,coincodex,defunct
2024-09-01,AXS,淘汰対照群,829183917.0,677217966.0,0.8167,0.6598,301856.0,0.00036404,,,defillama_fees,coincodex,active
2024-10-01,ETH,Layer1,320163589196.0,500885085548.0,1.5645,0.526,141648727.0,0.00044243,146884331.0,0.00045878,defillama_fees,coincodex,active
2024-10-01,SOL,Layer1,82072078420.0,80693058892.0,0.9832,0.6111,70710471.0,0.00086157,,,defillama_fees,coincodex,active
2024-10-01,USDT,Stablecoin,120482951828.0,1783957588903.0,14.8067,0.0079,120482951828.0,1.0,,,defillama_stablecoin,defillama_stablecoin,active
2024-10-01,USDC,Stablecoin,34428836790.0,187495632409.0,5.4459,0.002,34428836790.0,1.0,,,defillama_stablecoin,defillama_stablecoin,active
2024-10-01,UNI,DeFi,4858007324.0,6192296091.0,1.2747,0.7931,65075230.0,0.01339546,,,defillama_fees,coincodex,active
2024-10-01,AAVE,DeFi,2335764318.0,5580021083.0,2.3889,0.7197,31286490.0,0.01339454,,,defillama_fees,coincodex,active
2024-10-01,LINK,Oracle,7764477153.0,7851242920.0,1.0112,0.6877,114586.0,1.476e-05,,,defillama_fees,coincodex,active
2024-10-01,DOGE,Meme,24635057414.0,42430440831.0,1.7224,0.8288,1000.0,4e-08,,,floor,coincodex,active
2024-10-01,SHIB,Meme,10867709574.0,12497726856.0,1.15,0.8347,1000.0,9e-08,,,floor,coincodex,active
2024-10-01,LUNA,淘汰対照群,547593919.0,727507448.0,1.3286,0.52,1000.0,1.83e-06,,,floor,coincodex,defunct
2024-10-01,FTT,淘汰対照群,593037926.0,1936456485.0,3.2653,1.5723,1000.0,1.69e-06,,,floor,coincodex,defunct
2024-10-01,AXS,淘汰対照群,773134141.0,1273137490.0,1.6467,0.6888,254599.0,0.00032931,,,defillama_fees,coincodex,active
2024-11-01,ETH,Layer1,432496256105.0,1029930619790.0,2.3814,0.7737,190579697.0,0.00044065,203273598.0,0.00047,defillama_fees,coincodex,active
2024-11-01,SOL,Layer1,115530476072.0,189637241339.0,1.6414,0.8269,200193354.0,0.00173282,,,defillama_fees,coincodex,active
2024-11-01,USDT,Stablecoin,134392441049.0,4372535252148.0,32.5356,0.0102,134392441049.0,1.0,,,defillama_stablecoin,defillama_stablecoin,active
2024-11-01,USDC,Stablecoin,39865840343.0,331865299690.0,8.3246,0.0031,39865840343.0,1.0,,,defillama_stablecoin,defillama_stablecoin,active
2024-11-01,UNI,DeFi,7557190151.0,15798909364.0,2.0906,1.4107,126867932.0,0.01678771,,,defillama_fees,coincodex,active
2024-11-01,AAVE,DeFi,2980061890.0,11380506487.0,3.8189,1.3057,49672133.0,0.01666815,,,defillama_fees,coincodex,active
2024-11-01,LINK,Oracle,11449163962.0,21785252211.0,1.9028,0.9918,157293.0,1.374e-05,,,defillama_fees,coincodex,active
2024-11-01,DOGE,Meme,62520445888.0,310153489112.0,4.9608,1.4445,1000.0,2e-08,,,floor,coincodex,active
2024-11-01,SHIB,Meme,15329382340.0,50706078839.0,3.3078,1.237,1000.0,7e-08,,,floor,coincodex,active
2024-11-01,LUNA,淘汰対照群,722119936.0,2225348036.0,3.0817,0.9292,1000.0,1.38e-06,,,floor,coincodex,defunct
2024-11-01,FTT,淘汰対照群,767199311.0,1374280878.0,1.7913,1.0998,1000.0,1.3e-06,,,floor,coincodex,defunct
2024-11-01,AXS,淘汰対照群,1248096295.0,5298963067.0,4.2456,1.2848,444241.0,0.00035593,,,defillama_fees,coincodex,active
2024-12-01,ETH,Layer1,404952200565.0,1118659048135.0,2.7624,0.6263,216852158.0,0.0005355,235838552.0,0.00058239,defillama_fees,coincodex,active
2024-12-01,SOL,Layer1,91703910893.0,159276925291.0,1.7369,0.7241,123693889.0,0.00134884,,,defillama_fees,coincodex,active
2024-12-01,USDT,Stablecoin,137747095441.0,5033948164199.0,36.5449,0.008,137747095441.0,1.0,,,defillama_stablecoin,defillama_stablecoin,active
2024-12-01,USDC,Stablecoin,43937243150.0,315880289137.0,7.1894,0.0032,43937243150.0,1.0,,,defillama_stablecoin,defillama_stablecoin,active
2024-12-01,UNI,DeFi,7999695560.0,23361838501.0,2.9203,1.2472,159662661.0,0.01995859,,,defillama_fees,coincodex,active
2024-12-01,AAVE,DeFi,4838483831.0,29351748004.0,6.0663,1.4724,92379993.0,0.01909276,,,defillama_fees,coincodex,active
2024-12-01,LINK,Oracle,13131204043.0,57021529501.0,4.3424,1.623,254124.0,1.935e-05,,,defillama_fees,coincodex,active
2024-12-01,DOGE,Meme,46231077698.0,189847325318.0,4.1065,0.8961,1000.0,2e-08,,,floor,coincodex,active
2024-12-01,SHIB,Meme,12460065701.0,51447424279.0,4.129,1.1617,1000.0,8e-08,,,floor,coincodex,active
2024-12-01,LUNA,淘汰対照群,630586787.0,2855708709.0,4.5287,1.2484,1000.0,1.59e-06,,,floor,coincodex,defunct
2024-12-01,FTT,淘汰対照群,1176107038.0,2194218399.0,1.8657,1.7234,1000.0,8.5e-07,,,floor,coincodex,defunct
2024-12-01,AXS,淘汰対照群,974928723.0,5421535656.0,5.561,1.1903,474489.0,0.00048669,,,defillama_fees,coincodex,active
2025-01-01,ETH,Layer1,391552088135.0,816020167432.0,2.0841,0.6373,149929064.0,0.00038291,168223230.0,0.00042963,defillama_fees,coincodex,active
2025-01-01,SOL,Layer1,116539204376.0,217282875112.0,1.8645,0.9601,241421547.0,0.00207159,,,defillama_fees,coincodex,active
2025-01-01,USDT,Stablecoin,139981016588.0,3627151642765.0,25.9117,0.009,139981016588.0,1.0,,,defillama_stablecoin,defillama_stablecoin,active
2025-01-01,USDC,Stablecoin,53307616280.0,312152543704.0,5.8557,0.0033,53307616280.0,1.0,,,defillama_stablecoin,defillama_stablecoin,active
2025-01-01,UNI,DeFi,7188561226.0,10511943002.0,1.4623,0.8736,140585476.0,0.01955683,,,defillama_fees,coincodex,active
2025-01-01,AAVE,DeFi,4756027674.0,18576974240.0,3.906,0.9814,78564318.0,0.01651889,,,defillama_fees,coincodex,active
2025-01-01,LINK,Oracle,15655718954.0,27416882546.0,1.7512,0.877,327642.0,2.093e-05,,,defillama_fees,coincodex,active
2025-01-01,DOGE,Meme,49127242610.0,118024857847.0,2.4024,0.9733,1000.0,2e-08,,,floor,coincodex,active
2025-01-01,SHIB,Meme,11077912333.0,16770425402.0,1.5139,0.9093,1000.0,9e-08,,,floor,coincodex,active
2025-01-01,LUNA,淘汰対照群,450689899.0,1123176356.0,2.4921,0.926,1000.0,2.22e-06,,,floor,coincodex,defunct
2025-01-01,FTT,淘汰対照群,720948387.0,1212551003.0,1.6819,1.4183,1000.0,1.39e-06,,,floor,coincodex,defunct
2025-01-01,AXS,淘汰対照群,862362578.0,2494912212.0,2.8931,0.8365,306916.0,0.0003559,,,defillama_fees,coincodex,active
2025-02-01,ETH,Layer1,278056398477.0,759605849746.0,2.7318,0.716,47369362.0,0.00017036,56808631.0,0.00020431,defillama_fees,coincodex,active
2025-02-01,SOL,Layer1,67061324339.0,134531484487.0,2.0061,0.9385,77696014.0,0.00115858,,,defillama_fees,coincodex,active
2025-02-01,USDT,Stablecoin,142639292034.0,2787306008115.0,19.5409,0.0108,142639292034.0,1.0,,,defillama_stablecoin,defillama_stablecoin,active
2025-02-01,USDC,Stablecoin,56439118978.0,257974806039.0,4.5709,0.0018,56439118978.0,1.0,,,defillama_stablecoin,defillama_stablecoin,active
2025-02-01,UNI,DeFi,4713800997.0,7228687868.0,1.5335,1.0573,87975098.0,0.0186633,,,defillama_fees,coincodex,active
2025-02-01,AAVE,DeFi,3068246828.0,10734615687.0,3.4986,1.0639,70490165.0,0.02297409,,,defillama_fees,coincodex,active
2025-02-01,LINK,Oracle,9644179137.0,17568158129.0,1.8216,0.9009,379101.0,3.931e-05,,,defillama_fees,coincodex,active
2025-02-01,DOGE,Meme,30572078096.0,62348601441.0,2.0394,0.9185,1000.0,3e-08,,,floor,coincodex,active
2025-02-01,SHIB,Meme,8515074266.0,9783179766.0,1.1489,1.1673,1000.0,1.2e-07,,,floor,coincodex,active
2025-02-01,LUNA,淘汰対照群,394838674.0,706552832.0,1.7895,0.9607,1000.0,2.53e-06,,,floor,coincodex,defunct
2025-02-01,FTT,淘汰対照群,551067950.0,971987350.0,1.7638,1.1423,1000.0,1.81e-06,,,floor,coincodex,defunct
2025-02-01,AXS,淘汰対照群,578816811.0,1212308185.0,2.0945,0.9215,237934.0,0.00041107,,,defillama_fees,coincodex,active
2025-03-01,ETH,Layer1,218064266321.0,524493831617.0,2.4052,0.95,22258532.0,0.00010207,28290318.0,0.00012973,defillama_fees,coincodex,active
2025-03-01,SOL,Layer1,63538161069.0,118568071833.0,1.8661,1.3619,25895829.0,0.00040756,,,defillama_fees,coincodex,active
2025-03-01,USDT,Stablecoin,144734849785.0,2199432186232.0,15.1963,0.0067,144734849785.0,1.0,,,defillama_stablecoin,defillama_stablecoin,active
2025-03-01,USDC,Stablecoin,60141755212.0,288678558998.0,4.8,0.0027,60141755212.0,1.0,,,defillama_stablecoin,defillama_stablecoin,active
2025-03-01,UNI,DeFi,3524345780.0,4606884675.0,1.3072,1.0085,60548175.0,0.01717998,,,defillama_fees,coincodex,active
2025-03-01,AAVE,DeFi,2468969160.0,9466554444.0,3.8342,1.2882,43408963.0,0.01758182,,,defillama_fees,coincodex,active
2025-03-01,LINK,Oracle,8568087347.0,15694707998.0,1.8318,1.2608,240968.0,2.812e-05,,,defillama_fees,coincodex,active
2025-03-01,DOGE,Meme,24721761124.0,44907404647.0,1.8165,1.1962,1000.0,4e-08,,,floor,coincodex,active
2025-03-01,SHIB,Meme,7352168065.0,7621062430.0,1.0366,0.8156,1000.0,1.4e-07,,,floor,coincodex,active
2025-03-01,LUNA,淘汰対照群,352554946.0,458777564.0,1.3013,0.7737,1000.0,2.84e-06,,,floor,coincodex,defunct
2025-03-01,FTT,淘汰対照群,378717781.0,717671542.0,1.895,0.9522,1000.0,2.64e-06,,,floor,coincodex,defunct
2025-03-01,AXS,淘汰対照群,464827486.0,921245804.0,1.9819,0.9543,271879.0,0.0005849,,,defillama_fees,coincodex,active
2025-04-01,ETH,Layer1,217216535465.0,512390406805.0,2.3589,0.9327,21582717.0,9.936e-05,27236106.0,0.00012539,defillama_fees,coincodex,active
2025-04-01,SOL,Layer1,75821716637.0,119767641303.0,1.5796,0.925,32031297.0,0.00042246,,,defillama_fees,coincodex,active
2025-04-01,USDT,Stablecoin,149333119679.0,2088163876315.0,13.9833,0.0056,149333119679.0,1.0,,,defillama_stablecoin,defillama_stablecoin,active
2025-04-01,USDC,Stablecoin,61526472337.0,331252559982.0,5.3839,0.0024,61526472337.0,1.0,,,defillama_stablecoin,defillama_stablecoin,active
2025-04-01,UNI,DeFi,3315295909.0,3885641552.0,1.172,0.9837,58051405.0,0.01751017,,,defillama_fees,coincodex,active
2025-04-01,AAVE,DeFi,2507844654.0,7051143499.0,2.8116,1.1136,37673685.0,0.01502234,,,defillama_fees,coincodex,active
2025-04-01,LINK,Oracle,9608181478.0,11299639797.0,1.176,0.9572,166709.0,1.735e-05,,,defillama_fees,coincodex,active
2025-04-01,DOGE,Meme,26071376523.0,37362116331.0,1.4331,0.9091,1000.0,4e-08,,,floor,coincodex,active
2025-04-01,SHIB,Meme,7918698674.0,6283040955.0,0.7934,1.0084,1000.0,1.3e-07,,,floor,coincodex,active
2025-04-01,LUNA,淘汰対照群,330726380.0,382538253.0,1.1567,0.558,1000.0,3.02e-06,,,floor,coincodex,defunct
2025-04-01,FTT,淘汰対照群,307341650.0,552865786.0,1.7989,0.8598,1000.0,3.25e-06,,,floor,coincodex,defunct
2025-04-01,AXS,淘汰対照群,401613524.0,975012490.0,2.4277,0.8602,184068.0,0.00045832,,,defillama_fees,coincodex,active
2025-05-01,ETH,Layer1,305590361901.0,736439227936.0,2.4099,0.8912,42353757.0,0.0001386,49458270.0,0.00016184,defillama_fees,coincodex,active
2025-05-01,SOL,Layer1,81401327585.0,124776649675.0,1.5329,0.6758,49186201.0,0.00060424,,,defillama_fees,coincodex,active
2025-05-01,USDT,Stablecoin,153723758271.0,2589659784734.0,16.8462,0.0043,153723758271.0,1.0,,,defillama_stablecoin,defillama_stablecoin,active
2025-05-01,USDC,Stablecoin,60572085105.0,350467678762.0,5.786,0.0026,60572085105.0,1.0,,,defillama_stablecoin,defillama_stablecoin,active
2025-05-01,UNI,DeFi,3906491187.0,9840306364.0,2.519,1.2655,82100778.0,0.0210165,,,defillama_fees,coincodex,active
2025-05-01,AAVE,DeFi,3806210400.0,12273197667.0,3.2245,0.904,45957319.0,0.0120743,,,defillama_fees,coincodex,active
2025-05-01,LINK,Oracle,9142888989.0,14517296164.0,1.5878,0.8135,227811.0,2.492e-05,,,defillama_fees,coincodex,active
2025-05-01,DOGE,Meme,28978381546.0,59275634748.0,2.0455,1.1398,1000.0,3e-08,,,floor,coincodex,active
2025-05-01,SHIB,Meme,7535726675.0,9219138731.0,1.2234,0.807,1000.0,1.3e-07,,,floor,coincodex,active
2025-05-01,LUNA,淘汰対照群,311887039.0,415784298.0,1.3331,0.7461,1000.0,3.21e-06,,,floor,coincodex,defunct
2025-05-01,FTT,淘汰対照群,369873228.0,732417847.0,1.9802,0.9841,1000.0,2.7e-06,,,floor,coincodex,defunct
2025-05-01,AXS,淘汰対照群,401843674.0,1221511930.0,3.0398,1.0754,187652.0,0.00046698,,,defillama_fees,coincodex,active
2025-06-01,ETH,Layer1,301844409501.0,597782871981.0,1.9804,0.6252,38842491.0,0.00012868,44624556.0,0.00014784,defillama_fees,coincodex,active
2025-06-01,SOL,Layer1,82015287059.0,110243772447.0,1.3442,0.6743,30647459.0,0.00037368,,,defillama_fees,coincodex,active
2025-06-01,USDT,Stablecoin,158754090584.0,2131751376767.0,13.428,0.0072,158754090584.0,1.0,,,defillama_stablecoin,defillama_stablecoin,active
2025-06-01,USDC,Stablecoin,61233561658.0,291396754135.0,4.7588,0.0041,61233561658.0,1.0,,,defillama_stablecoin,defillama_stablecoin,active
2025-06-01,UNI,DeFi,4649886384.0,13323319003.0,2.8653,1.217,68056163.0,0.01463609,,,defillama_fees,coincodex,active
2025-06-01,AAVE,DeFi,4225822900.0,13747519060.0,3.2532,0.9212,54723244.0,0.01294972,,,defillama_fees,coincodex,active
2025-06-01,LINK,Oracle,9281968016.0,10924295150.0,1.1769,0.7414,203522.0,2.193e-05,,,defillama_fees,coincodex,active
2025-06-01,DOGE,Meme,25400696517.0,31505639740.0,1.2403,0.6764,1000.0,4e-08,,,floor,coincodex,active
2025-06-01,SHIB,Meme,6996499319.0,4500520250.0,0.6433,0.9316,1000.0,1.4e-07,,,floor,coincodex,active
2025-06-01,LUNA,淘汰対照群,314089230.0,313372011.0,0.9977,0.5413,1000.0,3.18e-06,,,floor,coincodex,defunct
2025-06-01,FTT,淘汰対照群,265686873.0,349588927.0,1.3158,0.6847,1000.0,3.76e-06,,,floor,coincodex,defunct
2025-06-01,AXS,淘汰対照群,385559909.0,712179577.0,1.8471,0.7311,221162.0,0.00057361,,,defillama_fees,coincodex,active
2025-07-01,ETH,Layer1,459592910175.0,968856663867.0,2.1081,0.5538,49497182.0,0.0001077,56009751.0,0.00012187,defillama_fees,coincodex,active
2025-07-01,SOL,Layer1,95615216970.0,187945151691.0,1.9656,0.6385,42144238.0,0.00044077,,,defillama_fees,coincodex,active
2025-07-01,USDT,Stablecoin,164686013950.0,3339958597580.0,20.2808,0.0045,164686013950.0,1.0,,,defillama_stablecoin,defillama_stablecoin,active
2025-07-01,USDC,Stablecoin,63858929785.0,415091427992.0,6.5001,0.0033,63858929785.0,1.0,,,defillama_stablecoin,defillama_stablecoin,active
2025-07-01,UNI,DeFi,6291296554.0,18842845018.0,2.9951,0.9487,88663384.0,0.01409302,,,defillama_fees,coincodex,active
2025-07-01,AAVE,DeFi,4171158068.0,16473139610.0,3.9493,0.6526,75157073.0,0.01801827,,,defillama_fees,coincodex,active
2025-07-01,LINK,Oracle,12018169206.0,20040800372.0,1.6675,0.6788,266629.0,2.219e-05,,,defillama_fees,coincodex,active
2025-07-01,DOGE,Meme,33033734155.0,81886700367.0,2.4789,0.9304,1000.0,3e-08,,,floor,coincodex,active
2025-07-01,SHIB,Meme,7580072148.0,9129895301.0,1.2045,0.8832,1000.0,1.3e-07,,,floor,coincodex,active
2025-07-01,LUNA,淘汰対照群,335471909.0,407679755.0,1.2152,0.6053,1000.0,2.98e-06,,,floor,coincodex,defunct
2025-07-01,FTT,淘汰対照群,317460886.0,542475131.0,1.7088,0.8845,1000.0,3.15e-06,,,floor,coincodex,defunct
2025-07-01,AXS,淘汰対照群,398267936.0,942122032.0,2.3655,0.8256,198886.0,0.00049938,,,defillama_fees,coincodex,active
2025-08-01,ETH,Layer1,527930960624.0,1359826730128.0,2.5758,0.9055,39587105.0,7.499e-05,47673825.0,9.03e-05,defillama_fees,coincodex,active
2025-08-01,SOL,Layer1,109684349911.0,236505706313.0,2.1562,0.8876,42664913.0,0.00038898,,,defillama_fees,coincodex,active
2025-08-01,USDT,Stablecoin,167960422397.0,3797993035668.0,22.6124,0.0048,167960422397.0,1.0,,,defillama_stablecoin,defillama_stablecoin,active
2025-08-01,USDC,Stablecoin,72049974781.0,495775280930.0,6.881,0.0026,72049974781.0,1.0,,,defillama_stablecoin,defillama_stablecoin,active
2025-08-01,UNI,DeFi,6125580551.0,15730685502.0,2.568,0.975,109069939.0,0.01780565,,,defillama_fees,coincodex,active
2025-08-01,AAVE,DeFi,4857967729.0,17179252843.0,3.5363,0.9721,107842988.0,0.0221992,,,defillama_fees,coincodex,active
2025-08-01,LINK,Oracle,15959557475.0,49585935770.0,3.107,1.2145,4635509.0,0.00029045,,,defillama_fees,coincodex,active
2025-08-01,DOGE,Meme,32564104542.0,81512739273.0,2.5031,0.9756,1000.0,3e-08,,,floor,coincodex,active
2025-08-01,SHIB,Meme,7274412360.0,7199638328.0,0.9897,1.0967,1000.0,1.4e-07,,,floor,coincodex,active
2025-08-01,LUNA,淘汰対照群,324539423.0,374625630.0,1.1543,0.6454,1000.0,3.08e-06,,,floor,coincodex,defunct
2025-08-01,FTT,淘汰対照群,277924676.0,287162520.0,1.0332,0.5686,1000.0,3.6e-06,,,floor,coincodex,defunct
2025-08-01,AXS,淘汰対照群,381234023.0,1220990661.0,3.2027,0.9424,237426.0,0.00062278,,,defillama_fees,coincodex,active
2025-09-01,ETH,Layer1,509135532458.0,1053486666675.0,2.0692,0.4974,35661007.0,7.004e-05,42496211.0,8.347e-05,defillama_fees,coincodex,active
2025-09-01,SOL,Layer1,115804152928.0,234902214629.0,2.0284,0.6916,37754249.0,0.00032602,,,defillama_fees,coincodex,active
2025-09-01,USDT,Stablecoin,174875230173.0,3683945931535.0,21.0661,0.0057,174875230173.0,1.0,,,defillama_stablecoin,defillama_stablecoin,active
2025-09-01,USDC,Stablecoin,73642961212.0,461167099478.0,6.2622,0.0034,73642961212.0,1.0,,,defillama_stablecoin,defillama_stablecoin,active
2025-09-01,UNI,DeFi,4892848166.0,8739891724.0,1.7863,0.5925,100819330.0,0.02060545,,,defillama_fees,coincodex,active
2025-09-01,AAVE,DeFi,4232557541.0,12294910459.0,2.9048,0.622,113115983.0,0.02672521,,,defillama_fees,coincodex,active
2025-09-01,LINK,Oracle,14784071176.0,26411581874.0,1.7865,0.5906,4545692.0,0.00030747,,,defillama_fees,coincodex,active
2025-09-01,DOGE,Meme,35518144317.0,101240358825.0,2.8504,0.7457,1000.0,3e-08,,,floor,coincodex,active
2025-09-01,SHIB,Meme,7063013630.0,6758507489.0,0.9569,0.5473,1000.0,1.4e-07,,,floor,coincodex,active
2025-09-01,LUNA,淘汰対照群,301439401.0,320899285.0,1.0646,0.3914,1000.0,3.32e-06,,,floor,coincodex,defunct
2025-09-01,FTT,淘汰対照群,316998013.0,467527662.0,1.4749,1.8006,1000.0,3.15e-06,,,floor,coincodex,defunct
2025-09-01,AXS,淘汰対照群,353903540.0,1251486522.0,3.5362,0.6864,222221.0,0.00062791,,,defillama_fees,coincodex,active
2025-10-01,ETH,Layer1,459084637727.0,1395430918350.0,3.0396,0.7595,41181773.0,8.97e-05,54732589.0,0.00011922,defillama_fees,coincodex,active
2025-10-01,SOL,Layer1,101610541066.0,255668703701.0,2.5162,0.9279,27749473.0,0.0002731,,,defillama_fees,coincodex,active
2025-10-01,USDT,Stablecoin,183417069851.0,5070222650675.0,27.6431,0.0066,183417069851.0,1.0,,,defillama_stablecoin,defillama_stablecoin,active
2025-10-01,USDC,Stablecoin,75522646181.0,609112997738.0,8.0653,0.0035,75522646181.0,1.0,,,defillama_stablecoin,defillama_stablecoin,active
2025-10-01,UNI,DeFi,3679037823.0,9830353636.0,2.672,1.3224,132588819.0,0.03603899,,,defillama_fees,coincodex,active
2025-10-01,AAVE,DeFi,3282057951.0,12967788361.0,3.9511,1.0517,114755457.0,0.03496448,,,defillama_fees,coincodex,active
2025-10-01,LINK,Oracle,11725615713.0,32924314892.0,2.8079,1.1513,5817292.0,0.00049612,,,defillama_fees,coincodex,active
2025-10-01,DOGE,Meme,27717936077.0,99130813314.0,3.5764,1.1708,1000.0,4e-08,,,floor,coincodex,active
2025-10-01,SHIB,Meme,5756051598.0,6870035176.0,1.1935,1.0702,1000.0,1.7e-07,,,floor,coincodex,active
2025-10-01,LUNA,淘汰対照群,230306638.0,488247006.0,2.12,1.5921,1000.0,4.34e-06,,,floor,coincodex,defunct
2025-10-01,FTT,淘汰対照群,256499979.0,310734345.0,1.2114,1.4758,1000.0,3.9e-06,,,floor,coincodex,defunct
2025-10-01,AXS,淘汰対照群,234856139.0,1123863420.0,4.7853,1.4886,192483.0,0.00081958,,,defillama_fees,coincodex,active
2025-11-01,ETH,Layer1,360982765954.0,998301001042.0,2.7655,0.6946,23438885.0,6.493e-05,31469317.0,8.718e-05,defillama_fees,coincodex,active
2025-11-01,SOL,Layer1,76107432412.0,173150661042.0,2.2751,0.8126,19895574.0,0.00026141,,,defillama_fees,coincodex,active
2025-11-01,USDT,Stablecoin,184578594363.0,3842014677550.0,20.8151,0.0059,184578594363.0,1.0,,,defillama_stablecoin,defillama_stablecoin,active
2025-11-01,USDC,Stablecoin,76112349840.0,465138870851.0,6.1112,0.0041,76112349840.0,1.0,,,defillama_stablecoin,defillama_stablecoin,active
2025-11-01,UNI,DeFi,3813068893.0,17082329698.0,4.4799,1.6226,81109852.0,0.02127154,,,defillama_fees,coincodex,active
2025-11-01,AAVE,DeFi,2783061498.0,10794570480.0,3.8787,1.062,95835058.0,0.03443512,,,defillama_fees,coincodex,active
2025-11-01,LINK,Oracle,9065739376.0,23333969309.0,2.5739,0.7975,4962588.0,0.0005474,,,defillama_fees,coincodex,active
2025-11-01,DOGE,Meme,22557976699.0,61518595471.0,2.7271,0.7881,1000.0,4e-08,,,floor,coincodex,active
2025-11-01,SHIB,Meme,5036075171.0,4809424348.0,0.955,0.9603,1000.0,2e-07,,,floor,coincodex,active
2025-11-01,LUNA,淘汰対照群,151334908.0,367944839.0,2.4313,0.7428,1000.0,6.61e-06,,,floor,coincodex,defunct
2025-11-01,FTT,淘汰対照群,199914039.0,167414350.0,0.8374,0.5661,1000.0,5e-06,,,floor,coincodex,defunct
2025-11-01,AXS,淘汰対照群,185863161.0,911705684.0,4.9053,1.1142,155682.0,0.00083762,,,defillama_fees,coincodex,active
2025-12-01,ETH,Layer1,358635392313.0,664461022738.0,1.8527,0.5931,11470440.0,3.198e-05,15504261.0,4.323e-05,defillama_fees,coincodex,active
2025-12-01,SOL,Layer1,70333456093.0,124854679964.0,1.7752,0.5822,18132640.0,0.00025781,,,defillama_fees,coincodex,active
2025-12-01,USDT,Stablecoin,187261227273.0,2556873888007.0,13.654,0.0038,187261227273.0,1.0,,,defillama_stablecoin,defillama_stablecoin,active
2025-12-01,USDC,Stablecoin,75312364733.0,321788609591.0,4.2727,0.0018,75312364733.0,1.0,,,defillama_stablecoin,defillama_stablecoin,active
2025-12-01,UNI,DeFi,3725227596.0,8976511497.0,2.4097,0.9005,44693948.0,0.01199764,,,defillama_fees,coincodex,active
2025-12-01,AAVE,DeFi,2286676526.0,9950157245.0,4.3514,0.8043,70180050.0,0.03069085,,,defillama_fees,coincodex,active
2025-12-01,LINK,Oracle,8801824253.0,16581020766.0,1.8838,0.721,4934000.0,0.00056057,,,defillama_fees,coincodex,active
2025-12-01,DOGE,Meme,20718663526.0,34104020181.0,1.6461,0.6764,1000.0,5e-08,,,floor,coincodex,active
2025-12-01,SHIB,Meme,4189231019.0,3511252404.0,0.8382,1.1485,1000.0,2.4e-07,,,floor,coincodex,active
2025-12-01,LUNA,淘汰対照群,203855638.0,3508131250.0,17.2089,2.5801,1000.0,4.91e-06,,,floor,coincodex,defunct
2025-12-01,FTT,淘汰対照群,152720877.0,209219505.0,1.3699,0.9441,1000.0,6.55e-06,,,floor,coincodex,defunct
2025-12-01,AXS,淘汰対照群,139338189.0,563343099.0,4.043,0.8159,101566.0,0.00072892,,,defillama_fees,coincodex,active
2026-01-01,ETH,Layer1,326365047726.0,733198675812.0,2.2466,0.6802,13960819.0,4.278e-05,20442741.0,6.264e-05,defillama_fees,coincodex,active
2026-01-01,SOL,Layer1,66514141576.0,138323015559.0,2.0796,0.6828,29936519.0,0.00045008,,,defillama_fees,coincodex,active
2026-01-01,USDT,Stablecoin,185342539535.0,2766764501882.0,14.9278,0.0072,185342539535.0,1.0,,,defillama_stablecoin,defillama_stablecoin,active
2026-01-01,USDC,Stablecoin,70086068463.0,392224453776.0,5.5963,0.0031,70086068463.0,1.0,,,defillama_stablecoin,defillama_stablecoin,active
2026-01-01,UNI,DeFi,2707028889.0,7664073413.0,2.8312,0.6958,49678741.0,0.01835176,,,defillama_fees,coincodex,active
2026-01-01,AAVE,DeFi,2111326129.0,9295268239.0,4.4026,0.8105,80918448.0,0.03832589,,,defillama_fees,coincodex,active
2026-01-01,LINK,Oracle,7643231081.0,15846620212.0,2.0733,0.6513,6207122.0,0.00081211,,,defillama_fees,coincodex,active
2026-01-01,DOGE,Meme,19504202582.0,44899911736.0,2.3021,0.8246,1000.0,5e-08,,,floor,coincodex,active
2026-01-01,SHIB,Meme,4264744821.0,4224837855.0,0.9906,1.2027,1000.0,2.3e-07,,,floor,coincodex,active
2026-01-01,LUNA,淘汰対照群,210447264.0,572889373.0,2.7222,0.7531,1000.0,4.75e-06,,,floor,coincodex,defunct
2026-01-01,FTT,淘汰対照群,132010711.0,176447218.0,1.3366,0.8601,1000.0,7.58e-06,,,floor,coincodex,defunct
2026-01-01,AXS,淘汰対照群,353525271.0,8780125959.0,24.8359,2.5571,113745.0,0.00032175,,,defillama_fees,coincodex,active
2026-02-01,ETH,Layer1,232951199154.0,787325391798.0,3.3798,1.0287,15187083.0,6.519e-05,24076099.0,0.00010335,defillama_fees,coincodex,active
2026-02-01,SOL,Layer1,46616123475.0,129547813255.0,2.779,1.0648,20714037.0,0.00044435,,,defillama_fees,coincodex,active
2026-02-01,USDT,Stablecoin,183481912039.0,2811422980287.0,15.3226,0.0056,183481912039.0,1.0,,,defillama_stablecoin,defillama_stablecoin,active
2026-02-01,USDC,Stablecoin,75226382817.0,392294163969.0,5.2148,0.0022,75226382817.0,1.0,,,defillama_stablecoin,defillama_stablecoin,active
2026-02-01,UNI,DeFi,2373142702.0,8221590039.0,3.4644,1.2058,59627095.0,0.02512579,,,defillama_fees,coincodex,active
2026-02-01,AAVE,DeFi,1734357176.0,12001399385.0,6.9198,1.0751,69122790.0,0.03985499,,,defillama_fees,coincodex,active
2026-02-01,LINK,Oracle,6188194906.0,20316385296.0,3.2831,0.9979,4904742.0,0.0007926,,,defillama_fees,coincodex,active
2026-02-01,DOGE,Meme,15778566165.0,37525346554.0,2.3782,1.0728,1000.0,6e-08,,,floor,coincodex,active
2026-02-01,SHIB,Meme,3413798763.0,4082936705.0,1.196,0.9758,1000.0,2.9e-07,,,floor,coincodex,active
2026-02-01,LUNA,淘汰対照群,236158647.0,584585673.0,2.4754,0.8767,1000.0,4.23e-06,,,floor,coincodex,defunct
2026-02-01,FTT,淘汰対照群,104316978.0,112317357.0,1.0767,1.1769,1000.0,9.59e-06,,,floor,coincodex,defunct
2026-02-01,AXS,淘汰対照群,220464676.0,2600113469.0,11.7938,1.2083,107005.0,0.00048536,,,defillama_fees,coincodex,active
2026-03-01,ETH,Layer1,244281111300.0,635968281816.0,2.6034,0.6269,10580034.0,4.331e-05,14239930.0,5.829e-05,defillama_fees,coincodex,active
2026-03-01,SOL,Layer1,47227995400.0,123589372864.0,2.6169,0.5603,18973319.0,0.00040174,,,defillama_fees,coincodex,active
2026-03-01,USDT,Stablecoin,184192097658.0,2534537607151.0,13.7603,0.0025,184192097658.0,1.0,,,defillama_stablecoin,defillama_stablecoin,active
2026-03-01,USDC,Stablecoin,77128465833.0,334010373583.0,4.3306,0.0029,77128465833.0,1.0,,,defillama_stablecoin,defillama_stablecoin,active
2026-03-01,UNI,DeFi,2193665431.0,6875069865.0,3.1341,0.5742,42167706.0,0.01922249,,,defillama_fees,coincodex,active
2026-03-01,AAVE,DeFi,1487137438.0,10950580110.0,7.3635,0.7184,47571068.0,0.03198835,,,defillama_fees,coincodex,active
2026-03-01,LINK,Oracle,6112893469.0,19898212890.0,3.2551,0.5683,4827943.0,0.0007898,,,defillama_fees,coincodex,active
2026-03-01,DOGE,Meme,15362159343.0,38359580990.0,2.497,0.624,1000.0,7e-08,,,floor,coincodex,active
2026-03-01,SHIB,Meme,3487326706.0,3924525006.0,1.1254,1.2719,1000.0,2.9e-07,,,floor,coincodex,active
2026-03-01,LUNA,淘汰対照群,197149338.0,327200555.0,1.6597,0.5412,1000.0,5.07e-06,,,floor,coincodex,defunct
2026-03-01,FTT,淘汰対照群,99662654.0,95423562.0,0.9575,0.5611,1000.0,1.003e-05,,,floor,coincodex,defunct
2026-03-01,AXS,淘汰対照群,190245430.0,1169057826.0,6.145,0.5459,88449.0,0.00046492,,,defillama_fees,coincodex,active
2026-04-01,ETH,Layer1,271850709482.0,507685352263.0,1.8675,0.5263,24425831.0,8.985e-05,27561926.0,0.00010139,defillama_fees,coincodex,active
2026-04-01,SOL,Layer1,47841794929.0,143289566841.0,2.9951,0.5123,15197226.0,0.00031766,,,defillama_fees,coincodex,active
2026-04-01,USDT,Stablecoin,189543857677.0,2969690356501.0,15.6676,0.0043,189543857677.0,1.0,,,defillama_stablecoin,defillama_stablecoin,active
2026-04-01,USDC,Stablecoin,77275650554.0,1028448215547.0,13.3088,0.0025,77275650554.0,1.0,,,defillama_stablecoin,defillama_stablecoin,active
2026-04-01,UNI,DeFi,2027810811.0,5496065727.0,2.7103,0.6799,42594394.0,0.02100511,,,defillama_fees,coincodex,active
2026-04-01,AAVE,DeFi,1435932392.0,10389458009.0,7.2353,0.9484,63313864.0,0.04409251,,,defillama_fees,coincodex,active
2026-04-01,LINK,Oracle,6635015224.0,15158640463.0,2.2846,0.5049,6039035.0,0.00091018,,,defillama_fees,coincodex,active
2026-04-01,DOGE,Meme,16012302540.0,46956968191.0,2.9326,0.4257,1000.0,6e-08,,,floor,coincodex,active
2026-04-01,SHIB,Meme,3628675010.0,3304885166.0,0.9108,0.001,1000.0,2.8e-07,,,floor,coincodex,active
2026-04-01,LUNA,淘汰対照群,383921589.0,848507749.0,2.2101,1.0707,1000.0,2.6e-06,,,floor,coincodex,defunct
2026-04-01,FTT,淘汰対照群,93815990.0,84203345.0,0.8975,0.5104,1000.0,1.066e-05,,,floor,coincodex,defunct
2026-04-01,AXS,淘汰対照群,237628087.0,1987418746.0,8.3636,1.3523,123012.0,0.00051767,,,defillama_fees,coincodex,active
2026-05-01,ETH,Layer1,243679941266.0,464624745866.0,1.9067,0.2895,16579471.0,6.804e-05,20921673.0,8.586e-05,defillama_fees,coincodex,active
2026-05-01,SOL,Layer1,47773681108.0,115800882301.0,2.4239,0.3866,14376986.0,0.00030094,,,defillama_fees,coincodex,active
2026-05-01,USDT,Stablecoin,188208550099.0,2482501435715.0,13.1902,0.0031,188208550099.0,1.0,,,defillama_stablecoin,defillama_stablecoin,active
2026-05-01,USDC,Stablecoin,75898768745.0,620468721686.0,8.175,0.0015,75898768745.0,1.0,,,defillama_stablecoin,defillama_stablecoin,active
2026-05-01,UNI,DeFi,1933761122.0,6487996844.0,3.3551,0.5895,46993948.93,0.02430184,,,defillama_fees,coincodex,active
2026-05-01,AAVE,DeFi,1273477195.0,8028256857.0,6.3042,0.4499,52103596.0,0.04091443,,,defillama_fees,coincodex,active
2026-05-01,LINK,Oracle,6674888581.0,16161878266.0,2.4213,0.4291,4873900.0,0.00073018,,,defillama_fees,coincodex,active
2026-05-01,DOGE,Meme,15506169708.0,38850533831.0,2.5055,0.389,1000.0,6e-08,,,floor,coincodex,active
2026-05-01,SHIB,Meme,3230247130.0,3508283327.0,1.0861,1.1777,1000.0,3.1e-07,,,floor,coincodex,active
2026-05-01,LUNA,淘汰対照群,445520900.0,2504226493.0,5.6209,1.7716,1000.0,2.24e-06,,,floor,coincodex,defunct
2026-05-01,FTT,淘汰対照群,98359851.0,725813203.0,7.3792,1.15,1000.0,1.017e-05,,,floor,coincodex,defunct
2026-05-01,AXS,淘汰対照群,205580697.0,956356970.0,4.652,0.5912,158184.0,0.00076945,,,defillama_fees,coincodex,active
2026-06-01,ETH,Layer1,194242313326.0,438003078644.0,2.2549,0.6532,10777326.0,5.548e-05,15423952.0,7.941e-05,defillama_fees,coincodex,active
2026-06-01,SOL,Layer1,43542371409.0,88780545137.0,2.0389,0.7331,11512210.0,0.00026439,,,defillama_fees,coincodex,active
2026-06-01,USDT,Stablecoin,184637556560.0,2119992388709.0,11.4819,0.0048,184637556560.0,1.0,,,defillama_stablecoin,defillama_stablecoin,active
2026-06-01,USDC,Stablecoin,73471642859.0,346730945612.0,4.7192,0.0016,73471642859.0,1.0,,,defillama_stablecoin,defillama_stablecoin,active
2026-06-01,UNI,DeFi,1792077402.0,5449238605.0,3.0407,0.8268,44150182.07,0.02463631,,,defillama_fees,coincodex,active
2026-06-01,AAVE,DeFi,1407405735.0,7064819801.0,5.0197,1.0273,40153930.0,0.02853046,,,defillama_fees,coincodex,active
2026-06-01,LINK,Oracle,5363103155.0,8976396748.0,1.6737,0.582,4839531.0,0.00090238,,,defillama_fees,coincodex,active
2026-06-01,DOGE,Meme,11345310832.0,23509603939.0,2.0722,0.5378,1000.0,9e-08,,,floor,coincodex,active
2026-06-01,SHIB,Meme,2507323591.0,2342481195.0,0.9343,0.988,1000.0,4e-07,,,floor,coincodex,active
2026-06-01,LUNA,淘汰対照群,338110415.0,757513305.0,2.2404,0.9294,1000.0,2.96e-06,,,floor,coincodex,defunct
2026-06-01,FTT,淘汰対照群,76720633.0,163317849.0,2.1287,1.3006,1000.0,1.303e-05,,,floor,coincodex,defunct
2026-06-01,AXS,淘汰対照群,174245006.0,1075180663.0,6.1705,1.0155,144916.0,0.00083168,,,defillama_fees,coincodex,active
2026-07-01,ETH,Layer1,231400346828.0,314427990759.0,1.3588,0.4488,8314396.0,3.593e-05,10817835.0,4.675e-05,defillama_fees,coincodex,active
2026-07-01,SOL,Layer1,43178764958.0,59560435373.0,1.3794,0.4146,15757090.0,0.00036493,,,defillama_fees,coincodex,active
2026-07-01,USDT,Stablecoin,183516712264.0,1671761567587.0,9.1096,0.0047,183516712264.0,1.0,,,defillama_stablecoin,defillama_stablecoin,active
2026-07-01,USDC,Stablecoin,72048270635.0,272845890593.0,3.787,0.0017,72048270635.0,1.0,,,defillama_stablecoin,defillama_stablecoin,active
2026-07-01,UNI,DeFi,2761576124.0,5992760824.0,2.1701,0.7164,96491874.38,0.03494087,,,defillama_fees,coincodex,active
2026-07-01,AAVE,DeFi,1533174396.0,7066623436.0,4.6091,0.7209,29431481.0,0.01919643,,,defillama_fees,coincodex,active
2026-07-01,LINK,Oracle,6333097966.0,6897979036.0,1.0892,0.4834,5975355.0,0.00094351,,,defillama_fees,coincodex,active
2026-07-01,DOGE,Meme,12057300297.0,17795683095.0,1.4759,0.409,1000.0,8e-08,,,floor,coincodex,active
2026-07-01,SHIB,Meme,2778251178.0,3016284776.0,1.0857,0.7657,1000.0,3.6e-07,,,floor,coincodex,active
2026-07-01,LUNA,淘汰対照群,275283564.0,376418827.0,1.3674,0.4987,1000.0,3.63e-06,,,floor,coincodex,defunct
2026-07-01,FTT,淘汰対照群,64386657.0,69947014.0,1.0864,0.4073,1000.0,1.553e-05,,,floor,coincodex,defunct
2026-07-01,AXS,淘汰対照群,144378171.0,491933515.0,3.4073,0.3882,141354.0,0.00097905,,,defillama_fees,coincodex,active
2026-08-01,ETH,Layer1,291858602222.0,371735379303.0,1.2737,0.6676,10382162.0,3.557e-05,13834420.0,4.74e-05,defillama_fees,coincodex,active
2026-08-01,SOL,Layer1,59712013721.0,90234164272.0,1.5112,0.5852,22206168.0,0.00037189,,,defillama_fees,coincodex,active
2026-08-01,USDT,Stablecoin,183348170617.0,1821189705406.0,9.933,0.0034,183348170617.0,1.0,,,defillama_stablecoin,defillama_stablecoin,active
2026-08-01,USDC,Stablecoin,73562651110.0,327827534406.0,4.4564,0.0021,73562651110.0,1.0,,,defillama_stablecoin,defillama_stablecoin,active
2026-08-01,UNI,DeFi,3190290053.0,8331396446.0,2.6115,0.9183,103856395.32,0.0325539,,,defillama_fees,coincodex,active
2026-08-01,AAVE,DeFi,1891400346.0,8034768538.0,4.2481,0.9931,32833231.0,0.01735922,,,defillama_fees,coincodex,active
2026-08-01,LINK,Oracle,8367049309.0,10984642987.0,1.3128,0.6669,4825036.0,0.00057667,,,defillama_fees,coincodex,active
2026-08-01,DOGE,Meme,12785139313.0,22495846564.0,1.7595,0.6721,1000.0,8e-08,,,floor,coincodex,active
2026-08-01,SHIB,Meme,2926453328.0,2901780838.0,0.9916,2.0102,1000.0,3.4e-07,,,floor,coincodex,active
2026-08-01,LUNA,淘汰対照群,279978786.0,402357535.0,1.4371,0.7059,1000.0,3.57e-06,,,floor,coincodex,defunct
2026-08-01,FTT,淘汰対照群,73357667.0,51433031.0,0.7011,0.4551,1000.0,1.363e-05,,,floor,coincodex,defunct
2026-08-01,AXS,淘汰対照群,152784205.0,524604767.0,3.4336,0.7075,121882.0,0.00079774,,,defillama_fees,coincodex,active
