period,symbol,category,variant,pre_demand_mean,post_demand_mean,demand_retention_ratio,pre_density_mean,post_density_mean,density_retention_ratio,pre_vol_mean,post_vol_mean,vol_change_ratio,judgment
① Terra(LUNA)崩壊,ETH,Layer1,standard,996898084.5,112063487.5,0.112,0.0025357,0.0006875,0.271,0.726,0.938,1.292,中立・過渡期
① Terra(LUNA)崩壊,ETH,Layer1,incl_l2,1002261332.33,114193052.17,0.114,0.00254988,0.00070111,0.275,0.726,0.938,1.292,中立・過渡期
① Terra(LUNA)崩壊,SOL,Layer1,standard,5000694.83,1465173.17,0.293,0.00012356,0.00014128,1.143,1.014,1.184,1.168,インフラ定着
① Terra(LUNA)崩壊,USDT,Stablecoin,standard,79537043518.0,67207582995.5,0.845,1.0,1.0,1.0,0.006,0.003,0.442,インフラ定着
① Terra(LUNA)崩壊,USDC,Stablecoin,standard,46163726442.67,48726686616.33,1.056,1.0,1.0,1.0,0.011,0.003,0.288,インフラ定着
① Terra(LUNA)崩壊,UNI,DeFi,standard,125679225.33,51980553.5,0.414,0.01507978,0.01123858,0.745,0.966,1.08,1.118,中立・過渡期
① Terra(LUNA)崩壊,AAVE,DeFi,standard,20401483.67,8269121.0,0.405,0.00791017,0.00799874,1.011,1.16,1.108,0.955,インフラ定着
① Terra(LUNA)崩壊,LINK,Oracle,standard,,,,,,,0.951,0.984,1.034,判定不能
① Terra(LUNA)崩壊,DOGE,Meme,standard,1000.0,1000.0,1.0,5e-08,1e-07,1.967,0.834,1.095,1.314,実需ゼロ(投機)
① Terra(LUNA)崩壊,SHIB,Meme,standard,1000.0,1000.0,1.0,7e-08,1.7e-07,2.415,1.168,1.109,0.949,実需ゼロ(投機)
① Terra(LUNA)崩壊,LUNA,淘汰対照群,standard,0.0,1000.0,0.0,0.0,9.5e-07,0.0,1.278,1.946,1.523,淘汰
① Terra(LUNA)崩壊,FTT,淘汰対照群,standard,1000.0,1000.0,0.0,1.7e-07,6.3e-07,0.0,0.756,1.575,2.083,淘汰
① Terra(LUNA)崩壊,AXS,淘汰対照群,standard,56366598.17,565130.17,0.01,0.00872598,0.00054012,0.062,1.058,1.057,0.999,淘汰
② FTX破綻,ETH,Layer1,standard,190358789.67,204021284.33,1.072,0.00097013,0.00096031,0.99,0.905,0.501,0.554,インフラ定着
② FTX破綻,ETH,Layer1,incl_l2,193003643.5,211908661.0,1.098,0.00098476,0.00099691,1.012,0.905,0.501,0.554,インフラ定着
② FTX破綻,SOL,Layer1,standard,1610425.17,1154201.83,0.717,0.00012642,0.00015538,1.229,1.051,0.884,0.841,インフラ定着
② FTX破綻,USDT,Stablecoin,standard,68409593369.33,74932638760.0,1.095,1.0,1.0,1.0,0.004,0.007,1.591,インフラ定着
② FTX破綻,USDC,Stablecoin,standard,50597846071.83,36550679046.33,0.722,1.0,1.0,1.0,0.004,0.023,6.477,インフラ定着
② FTX破綻,UNI,DeFi,standard,57157389.17,53693580.0,0.939,0.01257202,0.01372697,1.092,1.112,0.611,0.549,インフラ定着
② FTX破綻,AAVE,DeFi,standard,9790224.5,6207506.0,0.634,0.00841737,0.00627642,0.746,1.171,0.669,0.571,中立・過渡期
② FTX破綻,LINK,Oracle,standard,,,,,,,0.99,0.591,0.597,判定不能
② FTX破綻,DOGE,Meme,standard,1000.0,1000.0,1.0,1e-07,1e-07,0.951,1.034,0.66,0.638,実需ゼロ(投機)
② FTX破綻,SHIB,Meme,standard,1000.0,1000.0,1.0,1.6e-07,1.7e-07,1.106,1.214,0.79,0.65,実需ゼロ(投機)
② FTX破綻,LUNA,淘汰対照群,standard,1000.0,1000.0,0.0,9.8e-07,1.35e-06,0.0,5.887,0.764,0.13,淘汰
② FTX破綻,FTT,淘汰対照群,standard,1000.0,1000.0,0.0,2.8e-07,2.45e-06,0.0,0.711,1.517,2.135,淘汰
② FTX破綻,AXS,淘汰対照群,standard,676194.83,368812.83,0.545,0.00059092,0.00057998,0.981,1.088,0.914,0.84,中立・過渡期
③ 2024-2025調整期,ETH,Layer1,standard,125049048.5,108095255.0,0.864,0.00032661,0.00028848,0.883,0.626,0.773,1.234,インフラ定着
③ 2024-2025調整期,ETH,Layer1,incl_l2,133422911.17,119945072.5,0.899,0.0003482,0.00032358,0.929,0.626,0.773,1.234,インフラ定着
③ 2024-2025調整期,SOL,Layer1,standard,39273463.5,116821988.33,2.975,0.00057199,0.00119031,2.081,0.81,0.956,1.18,インフラ定着
③ 2024-2025調整期,USDT,Stablecoin,standard,114552048253.83,141471302429.33,1.235,1.0,1.0,1.0,0.007,0.008,1.28,インフラ定着
③ 2024-2025調整期,USDC,Stablecoin,standard,33213209201.0,52536341050.0,1.582,1.0,1.0,1.0,0.002,0.003,1.138,インフラ定着
③ 2024-2025調整期,UNI,DeFi,standard,73320780.33,105615124.5,1.44,0.01542184,0.0182761,1.185,0.979,1.097,1.121,インフラ定着
③ 2024-2025調整期,AAVE,DeFi,standard,34255994.67,62031542.83,1.811,0.02128548,0.01797634,0.845,0.897,1.204,1.343,インフラ定着
③ 2024-2025調整期,LINK,Oracle,standard,46275.0,254306.17,5.496,5.9e-06,2.313e-05,3.923,0.765,1.102,1.44,インフラ定着
③ 2024-2025調整期,DOGE,Meme,standard,1000.0,1000.0,1.0,6e-08,3e-08,0.515,0.817,1.056,1.293,実需ゼロ(投機)
③ 2024-2025調整期,SHIB,Meme,standard,1000.0,1000.0,1.0,9e-08,1.1e-07,1.145,0.96,1.05,1.093,実需ゼロ(投機)
③ 2024-2025調整期,LUNA,淘汰対照群,standard,1000.0,1000.0,0.0,1.87e-06,2.26e-06,0.0,0.94,0.899,0.957,淘汰
③ 2024-2025調整期,FTT,淘汰対照群,standard,1000.0,1000.0,0.0,2.02e-06,1.87e-06,0.0,1.19,1.199,1.008,淘汰
③ 2024-2025調整期,AXS,淘汰対照群,standard,281909.83,319921.17,1.135,0.00051693,0.00044213,0.855,0.795,1.008,1.267,インフラ定着
